team_abbreviation_home,team_abbreviation_away,pts_home,pts_away,game_date
BKN,GSW,125.0,99.0,2020-12-22 00:00:00
LAL,LAC,109.0,116.0,2020-12-22 00:00:00
POR,UTA,100.0,120.0,2020-12-23 00:00:00
CLE,CHA,121.0,114.0,2020-12-23 00:00:00
MEM,SAS,119.0,131.0,2020-12-23 00:00:00
CHI,ATL,104.0,124.0,2020-12-23 00:00:00
PHI,WAS,113.0,107.0,2020-12-23 00:00:00
MIN,DET,111.0,101.0,2020-12-23 00:00:00
PHX,DAL,106.0,102.0,2020-12-23 00:00:00
ORL,MIA,113.0,107.0,2020-12-23 00:00:00
DEN,SAC,122.0,124.0,2020-12-23 00:00:00
IND,NYK,121.0,107.0,2020-12-23 00:00:00
BOS,MIL,122.0,121.0,2020-12-23 00:00:00
TOR,NOP,99.0,113.0,2020-12-23 00:00:00
MIA,NOP,111.0,98.0,2020-12-25 00:00:00
LAL,DAL,138.0,115.0,2020-12-25 00:00:00
BOS,BKN,95.0,123.0,2020-12-25 00:00:00
MIL,GSW,138.0,99.0,2020-12-25 00:00:00
DEN,LAC,108.0,121.0,2020-12-25 00:00:00
MEM,ATL,112.0,122.0,2020-12-26 00:00:00
WAS,ORL,120.0,130.0,2020-12-26 00:00:00
SAS,TOR,119.0,114.0,2020-12-26 00:00:00
CHI,IND,106.0,125.0,2020-12-26 00:00:00
SAC,PHX,106.0,103.0,2020-12-26 00:00:00
NYK,PHI,89.0,109.0,2020-12-26 00:00:00
DET,CLE,119.0,128.0,2020-12-26 00:00:00
CHA,OKC,107.0,109.0,2020-12-26 00:00:00
POR,HOU,128.0,126.0,2020-12-26 00:00:00
UTA,MIN,111.0,116.0,2020-12-26 00:00:00
LAL,MIN,127.0,91.0,2020-12-27 00:00:00
CLE,PHI,118.0,94.0,2020-12-27 00:00:00
NYK,MIL,130.0,110.0,2020-12-27 00:00:00
CHA,BKN,106.0,104.0,2020-12-27 00:00:00
NOP,SAS,98.0,95.0,2020-12-27 00:00:00
IND,BOS,108.0,107.0,2020-12-27 00:00:00
WAS,ORL,113.0,120.0,2020-12-27 00:00:00
CHI,GSW,128.0,129.0,2020-12-27 00:00:00
LAC,DAL,73.0,124.0,2020-12-27 00:00:00
SAC,PHX,100.0,116.0,2020-12-27 00:00:00
DEN,HOU,124.0,111.0,2020-12-28 00:00:00
OKC,UTA,109.0,110.0,2020-12-28 00:00:00
ATL,DET,128.0,120.0,2020-12-28 00:00:00
LAL,POR,107.0,115.0,2020-12-28 00:00:00
BKN,MEM,111.0,116.0,2020-12-28 00:00:00
IND,BOS,111.0,116.0,2020-12-29 00:00:00
SAC,DEN,125.0,115.0,2020-12-29 00:00:00
DET,GSW,106.0,116.0,2020-12-29 00:00:00
PHI,TOR,100.0,93.0,2020-12-29 00:00:00
MIA,MIL,97.0,144.0,2020-12-29 00:00:00
LAC,MIN,124.0,101.0,2020-12-29 00:00:00
PHX,NOP,111.0,86.0,2020-12-29 00:00:00
OKC,ORL,107.0,118.0,2020-12-29 00:00:00
WAS,CHI,107.0,115.0,2020-12-29 00:00:00
CLE,NYK,86.0,95.0,2020-12-29 00:00:00
BOS,MEM,126.0,107.0,2020-12-30 00:00:00
LAC,POR,128.0,105.0,2020-12-30 00:00:00
MIA,MIL,119.0,108.0,2020-12-30 00:00:00
DAL,CHA,99.0,118.0,2020-12-30 00:00:00
BKN,ATL,145.0,141.0,2020-12-30 00:00:00
SAS,LAL,107.0,121.0,2020-12-30 00:00:00
WAS,CHI,130.0,133.0,2020-12-31 00:00:00
UTA,PHX,95.0,106.0,2020-12-31 00:00:00
HOU,SAC,122.0,119.0,2020-12-31 00:00:00
ORL,PHI,92.0,116.0,2020-12-31 00:00:00
OKC,NOP,80.0,113.0,2020-12-31 00:00:00
IND,CLE,119.0,99.0,2020-12-31 00:00:00
TOR,NYK,100.0,83.0,2020-12-31 00:00:00
MIN,WAS,109.0,130.0,2021-01-01 00:00:00
UTA,LAC,106.0,100.0,2021-01-01 00:00:00
SAS,LAL,103.0,109.0,2021-01-01 00:00:00
DET,BOS,96.0,93.0,2021-01-01 00:00:00
DAL,MIA,93.0,83.0,2021-01-01 00:00:00
DEN,PHX,103.0,106.0,2021-01-01 00:00:00
CHA,MEM,93.0,108.0,2021-01-01 00:00:00
MIL,CHI,126.0,96.0,2021-01-01 00:00:00
BKN,ATL,96.0,114.0,2021-01-01 00:00:00
GSW,POR,98.0,123.0,2021-01-01 00:00:00
PHI,CHA,127.0,112.0,2021-01-02 00:00:00
NOP,TOR,120.0,116.0,2021-01-02 00:00:00
HOU,SAC,102.0,94.0,2021-01-02 00:00:00
IND,NYK,102.0,106.0,2021-01-02 00:00:00
ORL,OKC,99.0,108.0,2021-01-02 00:00:00
ATL,CLE,91.0,96.0,2021-01-02 00:00:00
GSW,POR,137.0,122.0,2021-01-03 00:00:00
DET,BOS,120.0,122.0,2021-01-03 00:00:00
MIN,DEN,109.0,124.0,2021-01-03 00:00:00
MEM,LAL,94.0,108.0,2021-01-03 00:00:00
SAS,UTA,109.0,130.0,2021-01-03 00:00:00
PHX,LAC,107.0,112.0,2021-01-03 00:00:00
BKN,WAS,122.0,123.0,2021-01-03 00:00:00
CHI,DAL,118.0,108.0,2021-01-03 00:00:00
MIL,DET,125.0,115.0,2021-01-04 00:00:00
ATL,NYK,108.0,113.0,2021-01-04 00:00:00
HOU,DAL,100.0,113.0,2021-01-04 00:00:00
NOP,IND,116.0,118.0,2021-01-04 00:00:00
ORL,CLE,103.0,83.0,2021-01-04 00:00:00
TOR,BOS,114.0,126.0,2021-01-04 00:00:00
GSW,SAC,137.0,106.0,2021-01-04 00:00:00
PHI,CHA,118.0,101.0,2021-01-04 00:00:00
MIA,OKC,118.0,90.0,2021-01-04 00:00:00
POR,CHI,108.0,111.0,2021-01-05 00:00:00
BKN,UTA,130.0,96.0,2021-01-05 00:00:00
MEM,LAL,92.0,94.0,2021-01-05 00:00:00
LAC,SAS,113.0,116.0,2021-01-05 00:00:00
DEN,MIN,123.0,116.0,2021-01-05 00:00:00
PHI,WAS,141.0,136.0,2021-01-06 00:00:00
SAC,CHI,128.0,124.0,2021-01-06 00:00:00
IND,HOU,114.0,107.0,2021-01-06 00:00:00
NOP,OKC,110.0,111.0,2021-01-06 00:00:00
MIA,BOS,105.0,107.0,2021-01-06 00:00:00
ATL,CHA,94.0,102.0,2021-01-06 00:00:00
PHX,TOR,123.0,115.0,2021-01-06 00:00:00
NYK,UTA,112.0,100.0,2021-01-06 00:00:00
MIL,DET,130.0,115.0,2021-01-06 00:00:00
ORL,CLE,105.0,94.0,2021-01-06 00:00:00
GSW,LAC,101.0,108.0,2021-01-06 00:00:00
BKN,PHI,122.0,109.0,2021-01-07 00:00:00
LAL,SAS,109.0,118.0,2021-01-07 00:00:00
DEN,DAL,117.0,124.0,2021-01-07 00:00:00
MEM,CLE,90.0,94.0,2021-01-07 00:00:00
POR,MIN,135.0,117.0,2021-01-07 00:00:00
DET,PHX,110.0,105.0,2021-01-08 00:00:00
SAC,TOR,123.0,144.0,2021-01-08 00:00:00
BOS,WAS,116.0,107.0,2021-01-08 00:00:00
MIL,UTA,118.0,131.0,2021-01-08 00:00:00
HOU,ORL,132.0,90.0,2021-01-08 00:00:00
LAL,CHI,117.0,115.0,2021-01-08 00:00:00
MEM,BKN,115.0,110.0,2021-01-08 00:00:00
NYK,OKC,89.0,101.0,2021-01-08 00:00:00
NOP,CHA,110.0,118.0,2021-01-08 00:00:00
GSW,LAC,115.0,105.0,2021-01-08 00:00:00
MIL,CLE,100.0,90.0,2021-01-09 00:00:00
MIN,SAS,122.0,125.0,2021-01-09 00:00:00
IND,PHX,117.0,125.0,2021-01-09 00:00:00
WAS,MIA,124.0,128.0,2021-01-09 00:00:00
CHA,ATL,113.0,105.0,2021-01-09 00:00:00
DAL,ORL,112.0,98.0,2021-01-09 00:00:00
SAC,POR,99.0,125.0,2021-01-09 00:00:00
PHI,DEN,103.0,115.0,2021-01-09 00:00:00
MIN,SAS,96.0,88.0,2021-01-10 00:00:00
LAC,CHI,130.0,127.0,2021-01-10 00:00:00
DET,UTA,86.0,96.0,2021-01-10 00:00:00
HOU,LAL,102.0,120.0,2021-01-10 00:00:00
GSW,TOR,106.0,105.0,2021-01-10 00:00:00
NYK,DEN,89.0,114.0,2021-01-10 00:00:00
BKN,OKC,116.0,129.0,2021-01-10 00:00:00
ATL,PHI,112.0,94.0,2021-01-11 00:00:00
CLE,MEM,91.0,101.0,2021-01-11 00:00:00
SAC,IND,127.0,122.0,2021-01-11 00:00:00
ORL,MIL,99.0,121.0,2021-01-11 00:00:00
WAS,PHX,128.0,107.0,2021-01-11 00:00:00
POR,TOR,112.0,111.0,2021-01-11 00:00:00
CHA,NYK,109.0,88.0,2021-01-11 00:00:00
HOU,LAL,100.0,117.0,2021-01-12 00:00:00
CLE,UTA,87.0,117.0,2021-01-12 00:00:00
OKC,SAS,102.0,112.0,2021-01-12 00:00:00
GSW,IND,95.0,104.0,2021-01-12 00:00:00
PHI,MIA,137.0,134.0,2021-01-12 00:00:00
BKN,DEN,122.0,116.0,2021-01-12 00:00:00
DET,MIL,101.0,110.0,2021-01-13 00:00:00
MIN,MEM,107.0,118.0,2021-01-13 00:00:00
LAC,NOP,111.0,106.0,2021-01-13 00:00:00
NYK,BKN,109.0,116.0,2021-01-13 00:00:00
CHA,DAL,93.0,104.0,2021-01-13 00:00:00
OKC,LAL,99.0,128.0,2021-01-13 00:00:00
SAC,POR,126.0,132.0,2021-01-13 00:00:00
TOR,CHA,111.0,108.0,2021-01-14 00:00:00
DEN,GSW,114.0,104.0,2021-01-14 00:00:00
PHI,MIA,125.0,108.0,2021-01-14 00:00:00
SAS,HOU,105.0,109.0,2021-01-14 00:00:00
POR,IND,87.0,111.0,2021-01-14 00:00:00
MIL,DAL,112.0,109.0,2021-01-15 00:00:00
SAC,LAC,100.0,138.0,2021-01-15 00:00:00
UTA,ATL,116.0,92.0,2021-01-15 00:00:00
CLE,NYK,106.0,103.0,2021-01-15 00:00:00
OKC,CHI,127.0,125.0,2021-01-15 00:00:00
LAL,NOP,112.0,95.0,2021-01-15 00:00:00
BOS,ORL,124.0,97.0,2021-01-15 00:00:00
TOR,CHA,116.0,113.0,2021-01-16 00:00:00
POR,ATL,112.0,106.0,2021-01-16 00:00:00
BKN,ORL,122.0,115.0,2021-01-16 00:00:00
MEM,PHI,106.0,104.0,2021-01-16 00:00:00
MIA,DET,100.0,120.0,2021-01-16 00:00:00
SAS,HOU,103.0,91.0,2021-01-16 00:00:00
BOS,NYK,75.0,105.0,2021-01-17 00:00:00
DEN,UTA,105.0,109.0,2021-01-17 00:00:00
DAL,CHI,101.0,117.0,2021-01-17 00:00:00
LAC,IND,129.0,96.0,2021-01-17 00:00:00
SAC,NOP,123.0,128.0,2021-01-17 00:00:00
POR,SAS,104.0,125.0,2021-01-18 00:00:00
MEM,PHX,108.0,104.0,2021-01-18 00:00:00
BKN,MIL,125.0,123.0,2021-01-18 00:00:00
ATL,MIN,108.0,97.0,2021-01-18 00:00:00
MIA,DET,113.0,107.0,2021-01-18 00:00:00
TOR,DAL,116.0,93.0,2021-01-18 00:00:00
CHI,HOU,125.0,120.0,2021-01-18 00:00:00
LAL,GSW,113.0,115.0,2021-01-18 00:00:00
NYK,ORL,91.0,84.0,2021-01-18 00:00:00
UTA,NOP,118.0,102.0,2021-01-19 00:00:00
DEN,OKC,119.0,101.0,2021-01-19 00:00:00
IND,DAL,112.0,124.0,2021-01-20 00:00:00
ATL,DET,123.0,115.0,2021-01-20 00:00:00
LAC,SAC,115.0,96.0,2021-01-20 00:00:00
GSW,SAS,121.0,99.0,2021-01-20 00:00:00
TOR,MIA,102.0,111.0,2021-01-20 00:00:00
MIN,ORL,96.0,97.0,2021-01-20 00:00:00
HOU,PHX,103.0,109.0,2021-01-20 00:00:00
CLE,BKN,147.0,135.0,2021-01-20 00:00:00
PHI,BOS,117.0,109.0,2021-01-20 00:00:00
MIL,LAL,106.0,113.0,2021-01-21 00:00:00
UTA,NOP,129.0,118.0,2021-01-21 00:00:00
GSW,NYK,104.0,119.0,2021-01-21 00:00:00
PHI,BOS,122.0,110.0,2021-01-22 00:00:00
SAS,DAL,117.0,122.0,2021-01-22 00:00:00
CLE,BKN,125.0,113.0,2021-01-22 00:00:00
TOR,MIA,101.0,81.0,2021-01-22 00:00:00
PHX,DEN,126.0,130.0,2021-01-22 00:00:00
SAC,NYK,103.0,94.0,2021-01-22 00:00:00
DET,HOU,102.0,103.0,2021-01-22 00:00:00
CHA,CHI,110.0,123.0,2021-01-22 00:00:00
LAC,OKC,120.0,106.0,2021-01-22 00:00:00
IND,ORL,120.0,118.0,2021-01-22 00:00:00
MIN,ATL,98.0,116.0,2021-01-22 00:00:00
BKN,MIA,128.0,124.0,2021-01-23 00:00:00
UTA,GSW,127.0,108.0,2021-01-23 00:00:00
MIN,NOP,120.0,110.0,2021-01-23 00:00:00
CHI,LAL,90.0,101.0,2021-01-23 00:00:00
DET,PHI,110.0,114.0,2021-01-23 00:00:00
PHX,DEN,112.0,120.0,2021-01-23 00:00:00
DAL,HOU,108.0,133.0,2021-01-23 00:00:00
MIL,ATL,129.0,115.0,2021-01-24 00:00:00
POR,NYK,116.0,113.0,2021-01-24 00:00:00
BOS,CLE,141.0,103.0,2021-01-24 00:00:00
IND,TOR,102.0,107.0,2021-01-24 00:00:00
ORL,CHA,104.0,107.0,2021-01-24 00:00:00
SAS,WAS,121.0,101.0,2021-01-24 00:00:00
LAC,OKC,108.0,100.0,2021-01-24 00:00:00
POR,OKC,122.0,125.0,2021-01-25 00:00:00
DAL,DEN,113.0,117.0,2021-01-25 00:00:00
IND,TOR,129.0,114.0,2021-01-25 00:00:00
BKN,MIA,98.0,85.0,2021-01-25 00:00:00
DET,PHI,119.0,104.0,2021-01-25 00:00:00
CHI,BOS,103.0,119.0,2021-01-25 00:00:00
CLE,LAL,108.0,115.0,2021-01-25 00:00:00
GSW,MIN,130.0,108.0,2021-01-25 00:00:00
ORL,CHA,117.0,108.0,2021-01-25 00:00:00
ATL,LAC,108.0,99.0,2021-01-26 00:00:00
UTA,NYK,108.0,94.0,2021-01-26 00:00:00
HOU,WAS,107.0,88.0,2021-01-26 00:00:00
PHI,LAL,107.0,106.0,2021-01-27 00:00:00
ORL,SAC,107.0,121.0,2021-01-27 00:00:00
MIA,DEN,82.0,109.0,2021-01-27 00:00:00
PHX,OKC,97.0,102.0,2021-01-27 00:00:00
CHA,IND,106.0,116.0,2021-01-27 00:00:00
UTA,DAL,116.0,104.0,2021-01-27 00:00:00
CLE,DET,122.0,107.0,2021-01-27 00:00:00
NOP,WAS,124.0,106.0,2021-01-27 00:00:00
TOR,MIL,108.0,115.0,2021-01-27 00:00:00
SAS,BOS,110.0,106.0,2021-01-27 00:00:00
GSW,MIN,123.0,111.0,2021-01-27 00:00:00
ATL,BKN,128.0,132.0,2021-01-27 00:00:00
DET,LAL,107.0,92.0,2021-01-28 00:00:00
PHX,GSW,114.0,93.0,2021-01-28 00:00:00
MIA,LAC,105.0,109.0,2021-01-28 00:00:00
HOU,POR,104.0,101.0,2021-01-28 00:00:00
WAS,ATL,100.0,116.0,2021-01-29 00:00:00
CHA,IND,108.0,105.0,2021-01-29 00:00:00
UTA,DAL,120.0,101.0,2021-01-29 00:00:00
NYK,CLE,102.0,81.0,2021-01-29 00:00:00
OKC,BKN,125.0,147.0,2021-01-29 00:00:00
ORL,LAC,90.0,116.0,2021-01-29 00:00:00
TOR,SAC,124.0,126.0,2021-01-29 00:00:00
MIN,PHI,94.0,118.0,2021-01-29 00:00:00
SAS,DEN,119.0,109.0,2021-01-29 00:00:00
NOP,MIL,131.0,126.0,2021-01-29 00:00:00
NOP,HOU,112.0,126.0,2021-01-30 00:00:00
GSW,DET,118.0,91.0,2021-01-30 00:00:00
BOS,LAL,95.0,96.0,2021-01-30 00:00:00
CHA,MIL,126.0,114.0,2021-01-30 00:00:00
MIA,SAC,105.0,104.0,2021-01-30 00:00:00
CHI,POR,122.0,123.0,2021-01-30 00:00:00
SAS,MEM,112.0,129.0,2021-01-30 00:00:00
DAL,PHX,105.0,111.0,2021-01-30 00:00:00
MIN,CLE,109.0,104.0,2021-01-31 00:00:00
TOR,ORL,115.0,102.0,2021-01-31 00:00:00
DEN,UTA,128.0,117.0,2021-01-31 00:00:00
WAS,BKN,149.0,146.0,2021-01-31 00:00:00
NYK,LAC,115.0,129.0,2021-01-31 00:00:00
IND,PHI,110.0,119.0,2021-01-31 00:00:00
CHI,NYK,110.0,102.0,2021-02-01 00:00:00
MIA,CHA,121.0,129.0,2021-02-01 00:00:00
DAL,PHX,108.0,109.0,2021-02-01 00:00:00
CLE,MIN,100.0,98.0,2021-02-01 00:00:00
SAS,MEM,102.0,133.0,2021-02-01 00:00:00
MIL,POR,134.0,106.0,2021-02-01 00:00:00
OKC,HOU,106.0,136.0,2021-02-01 00:00:00
ATL,LAL,99.0,107.0,2021-02-01 00:00:00
NOP,SAC,109.0,118.0,2021-02-01 00:00:00
ORL,TOR,108.0,123.0,2021-02-02 00:00:00
BKN,LAC,124.0,120.0,2021-02-02 00:00:00
UTA,DET,117.0,105.0,2021-02-02 00:00:00
IND,MEM,134.0,116.0,2021-02-02 00:00:00
GSW,BOS,107.0,111.0,2021-02-02 00:00:00
WAS,POR,121.0,132.0,2021-02-02 00:00:00
OKC,HOU,104.0,87.0,2021-02-03 00:00:00
CHI,NYK,103.0,107.0,2021-02-03 00:00:00
SAS,MIN,111.0,108.0,2021-02-03 00:00:00
MIA,WAS,100.0,103.0,2021-02-03 00:00:00
NOP,PHX,123.0,101.0,2021-02-03 00:00:00
CHA,PHI,111.0,118.0,2021-02-03 00:00:00
SAC,BOS,116.0,111.0,2021-02-03 00:00:00
CLE,LAC,99.0,121.0,2021-02-03 00:00:00
ATL,DAL,116.0,122.0,2021-02-03 00:00:00
MIL,IND,130.0,110.0,2021-02-03 00:00:00
MEM,HOU,103.0,115.0,2021-02-04 00:00:00
ATL,UTA,91.0,112.0,2021-02-04 00:00:00
DAL,GSW,116.0,147.0,2021-02-04 00:00:00
PHI,POR,105.0,121.0,2021-02-04 00:00:00
LAL,DEN,114.0,93.0,2021-02-04 00:00:00
MIA,WAS,122.0,95.0,2021-02-05 00:00:00
IND,NOP,113.0,114.0,2021-02-05 00:00:00
CHA,UTA,121.0,138.0,2021-02-05 00:00:00
PHX,DET,109.0,92.0,2021-02-05 00:00:00
ORL,CHI,123.0,119.0,2021-02-05 00:00:00
BKN,TOR,117.0,123.0,2021-02-05 00:00:00
LAC,BOS,115.0,119.0,2021-02-05 00:00:00
CLE,MIL,105.0,123.0,2021-02-05 00:00:00
OKC,MIN,103.0,106.0,2021-02-05 00:00:00
SAC,DEN,119.0,114.0,2021-02-06 00:00:00
PHI,BKN,124.0,108.0,2021-02-06 00:00:00
OKC,MIN,120.0,118.0,2021-02-06 00:00:00
LAL,DET,135.0,129.0,2021-02-06 00:00:00
NOP,MEM,118.0,109.0,2021-02-06 00:00:00
CLE,MIL,99.0,124.0,2021-02-06 00:00:00
NYK,POR,110.0,99.0,2021-02-06 00:00:00
HOU,SAS,106.0,111.0,2021-02-06 00:00:00
ATL,TOR,132.0,121.0,2021-02-06 00:00:00
DAL,GSW,134.0,132.0,2021-02-06 00:00:00
ORL,CHI,92.0,118.0,2021-02-06 00:00:00
LAC,SAC,110.0,113.0,2021-02-07 00:00:00
CHA,WAS,119.0,97.0,2021-02-07 00:00:00
IND,UTA,95.0,103.0,2021-02-07 00:00:00
PHX,BOS,100.0,91.0,2021-02-07 00:00:00
NYK,MIA,103.0,109.0,2021-02-07 00:00:00
DEN,MIL,112.0,125.0,2021-02-08 00:00:00
PHX,CLE,119.0,113.0,2021-02-08 00:00:00
LAL,OKC,119.0,112.0,2021-02-08 00:00:00
DAL,MIN,127.0,122.0,2021-02-08 00:00:00
CHI,WAS,101.0,105.0,2021-02-08 00:00:00
CHA,HOU,119.0,94.0,2021-02-08 00:00:00
MEM,TOR,113.0,128.0,2021-02-08 00:00:00
SAS,GSW,105.0,100.0,2021-02-08 00:00:00
SAC,PHI,111.0,119.0,2021-02-09 00:00:00
MIA,NYK,98.0,96.0,2021-02-09 00:00:00
DET,BKN,122.0,111.0,2021-02-09 00:00:00
UTA,BOS,122.0,108.0,2021-02-09 00:00:00
NOP,HOU,130.0,101.0,2021-02-09 00:00:00
SAS,GSW,91.0,114.0,2021-02-09 00:00:00
POR,ORL,106.0,97.0,2021-02-09 00:00:00
BKN,IND,104.0,94.0,2021-02-10 00:00:00
DAL,ATL,118.0,117.0,2021-02-10 00:00:00
LAL,OKC,114.0,113.0,2021-02-10 00:00:00
MEM,CHA,130.0,114.0,2021-02-10 00:00:00
CHI,NOP,129.0,116.0,2021-02-10 00:00:00
WAS,TOR,115.0,137.0,2021-02-10 00:00:00
DEN,CLE,133.0,95.0,2021-02-10 00:00:00
MIN,LAC,112.0,119.0,2021-02-10 00:00:00
PHX,MIL,125.0,124.0,2021-02-10 00:00:00
GSW,ORL,111.0,105.0,2021-02-11 00:00:00
HOU,MIA,94.0,101.0,2021-02-11 00:00:00
POR,PHI,118.0,114.0,2021-02-11 00:00:00
DET,IND,95.0,111.0,2021-02-11 00:00:00
BOS,TOR,120.0,106.0,2021-02-11 00:00:00
CHA,MIN,120.0,114.0,2021-02-12 00:00:00
DEN,OKC,97.0,95.0,2021-02-12 00:00:00
DAL,NOP,143.0,130.0,2021-02-12 00:00:00
UTA,MIL,129.0,115.0,2021-02-12 00:00:00
SAC,ORL,112.0,123.0,2021-02-12 00:00:00
CHI,LAC,106.0,125.0,2021-02-12 00:00:00
ATL,SAS,114.0,125.0,2021-02-12 00:00:00
WAS,NYK,91.0,109.0,2021-02-12 00:00:00
POR,CLE,129.0,110.0,2021-02-12 00:00:00
LAL,MEM,115.0,105.0,2021-02-12 00:00:00
BOS,DET,102.0,108.0,2021-02-12 00:00:00
ATL,IND,113.0,125.0,2021-02-13 00:00:00
GSW,BKN,117.0,134.0,2021-02-13 00:00:00
UTA,MIA,112.0,94.0,2021-02-13 00:00:00
NYK,HOU,121.0,99.0,2021-02-13 00:00:00
PHX,PHI,120.0,111.0,2021-02-13 00:00:00
DEN,LAL,122.0,105.0,2021-02-14 00:00:00
DAL,POR,118.0,121.0,2021-02-14 00:00:00
PHX,ORL,109.0,90.0,2021-02-14 00:00:00
CHA,SAS,110.0,122.0,2021-02-14 00:00:00
DET,NOP,123.0,112.0,2021-02-14 00:00:00
SAC,MEM,110.0,124.0,2021-02-14 00:00:00
WAS,BOS,104.0,91.0,2021-02-14 00:00:00
TOR,MIN,112.0,116.0,2021-02-14 00:00:00
OKC,MIL,114.0,109.0,2021-02-14 00:00:00
LAC,CLE,128.0,111.0,2021-02-14 00:00:00
SAC,BKN,125.0,136.0,2021-02-15 00:00:00
WAS,HOU,131.0,119.0,2021-02-15 00:00:00
NYK,ATL,123.0,112.0,2021-02-15 00:00:00
GSW,CLE,129.0,98.0,2021-02-15 00:00:00
UTA,PHI,134.0,123.0,2021-02-15 00:00:00
IND,CHI,112.0,120.0,2021-02-15 00:00:00
LAC,MIA,125.0,118.0,2021-02-15 00:00:00
BOS,DEN,112.0,99.0,2021-02-16 00:00:00
OKC,POR,104.0,115.0,2021-02-16 00:00:00
MEM,NOP,113.0,144.0,2021-02-16 00:00:00
PHX,BKN,124.0,128.0,2021-02-16 00:00:00
MIN,LAL,104.0,112.0,2021-02-16 00:00:00
MIL,TOR,113.0,124.0,2021-02-16 00:00:00
BOS,ATL,114.0,122.0,2021-02-17 00:00:00
ORL,NYK,107.0,89.0,2021-02-17 00:00:00
MIN,IND,128.0,134.0,2021-02-17 00:00:00
LAC,UTA,96.0,114.0,2021-02-17 00:00:00
GSW,MIA,120.0,112.0,2021-02-17 00:00:00
NOP,POR,124.0,126.0,2021-02-17 00:00:00
WAS,DEN,130.0,128.0,2021-02-17 00:00:00
PHI,HOU,118.0,113.0,2021-02-17 00:00:00
MEM,OKC,122.0,113.0,2021-02-17 00:00:00
CHI,DET,105.0,102.0,2021-02-17 00:00:00
MIL,TOR,96.0,110.0,2021-02-18 00:00:00
SAC,MIA,110.0,118.0,2021-02-18 00:00:00
LAL,BKN,98.0,109.0,2021-02-18 00:00:00
MEM,DET,109.0,95.0,2021-02-19 00:00:00
PHI,CHI,112.0,105.0,2021-02-19 00:00:00
CLE,DEN,103.0,120.0,2021-02-19 00:00:00
NOP,PHX,114.0,132.0,2021-02-19 00:00:00
BOS,ATL,121.0,109.0,2021-02-19 00:00:00
ORL,GSW,124.0,120.0,2021-02-19 00:00:00
MIL,OKC,98.0,85.0,2021-02-19 00:00:00
MIN,TOR,81.0,86.0,2021-02-19 00:00:00
LAC,UTA,116.0,112.0,2021-02-19 00:00:00
CHI,SAC,122.0,114.0,2021-02-20 00:00:00
POR,WAS,111.0,118.0,2021-02-20 00:00:00
LAL,MIA,94.0,96.0,2021-02-20 00:00:00
MEM,PHX,97.0,128.0,2021-02-20 00:00:00
CHA,GSW,102.0,100.0,2021-02-20 00:00:00
NYK,MIN,103.0,99.0,2021-02-21 00:00:00
MIL,SAC,128.0,115.0,2021-02-21 00:00:00
CLE,OKC,101.0,117.0,2021-02-21 00:00:00
NOP,BOS,120.0,115.0,2021-02-21 00:00:00
LAC,BKN,108.0,112.0,2021-02-21 00:00:00
TOR,PHI,110.0,103.0,2021-02-21 00:00:00
ORL,DET,105.0,96.0,2021-02-21 00:00:00
ATL,DEN,123.0,115.0,2021-02-21 00:00:00
HOU,CHI,100.0,120.0,2021-02-22 00:00:00
PHX,POR,132.0,100.0,2021-02-22 00:00:00
DAL,MEM,102.0,92.0,2021-02-22 00:00:00
LAL,WAS,124.0,127.0,2021-02-22 00:00:00
UTA,CHA,132.0,110.0,2021-02-22 00:00:00
OKC,MIA,94.0,108.0,2021-02-22 00:00:00
BKN,SAC,127.0,118.0,2021-02-23 00:00:00
DEN,POR,111.0,106.0,2021-02-23 00:00:00
ORL,DET,93.0,105.0,2021-02-23 00:00:00
LAC,WAS,135.0,116.0,2021-02-23 00:00:00
MIL,MIN,139.0,112.0,2021-02-23 00:00:00
NYK,GSW,106.0,114.0,2021-02-23 00:00:00
DAL,BOS,110.0,107.0,2021-02-23 00:00:00
CLE,ATL,112.0,111.0,2021-02-23 00:00:00
TOR,PHI,102.0,109.0,2021-02-23 00:00:00
PHX,CHA,121.0,124.0,2021-02-24 00:00:00
CHI,MIN,133.0,126.0,2021-02-24 00:00:00
MIA,TOR,116.0,108.0,2021-02-24 00:00:00
IND,GSW,107.0,111.0,2021-02-24 00:00:00
UTA,LAL,114.0,89.0,2021-02-24 00:00:00
OKC,SAS,102.0,99.0,2021-02-24 00:00:00
NOP,DET,128.0,118.0,2021-02-24 00:00:00
CLE,HOU,112.0,96.0,2021-02-24 00:00:00
ATL,BOS,127.0,112.0,2021-02-24 00:00:00
PHI,DAL,111.0,97.0,2021-02-25 00:00:00
DEN,WAS,110.0,112.0,2021-02-25 00:00:00
MEM,LAC,122.0,94.0,2021-02-25 00:00:00
NYK,SAC,140.0,121.0,2021-02-25 00:00:00
MIL,NOP,129.0,125.0,2021-02-25 00:00:00
BKN,ORL,129.0,92.0,2021-02-25 00:00:00
BOS,IND,118.0,112.0,2021-02-26 00:00:00
DET,SAC,107.0,110.0,2021-02-26 00:00:00
LAL,POR,102.0,93.0,2021-02-26 00:00:00
MIA,UTA,124.0,116.0,2021-02-26 00:00:00
OKC,ATL,118.0,109.0,2021-02-26 00:00:00
TOR,HOU,122.0,111.0,2021-02-26 00:00:00
CHI,PHX,97.0,106.0,2021-02-26 00:00:00
GSW,CHA,130.0,121.0,2021-02-26 00:00:00
MEM,LAC,99.0,119.0,2021-02-26 00:00:00
PHI,CLE,109.0,112.0,2021-02-27 00:00:00
OKC,DEN,96.0,126.0,2021-02-27 00:00:00
NYK,IND,110.0,107.0,2021-02-27 00:00:00
SAS,NOP,117.0,114.0,2021-02-27 00:00:00
ORL,UTA,109.0,124.0,2021-02-27 00:00:00
WAS,MIN,128.0,112.0,2021-02-27 00:00:00
BKN,DAL,98.0,115.0,2021-02-27 00:00:00
HOU,MEM,84.0,133.0,2021-02-28 00:00:00
MIA,ATL,109.0,99.0,2021-02-28 00:00:00
LAL,GSW,117.0,91.0,2021-02-28 00:00:00
SAC,CHA,126.0,127.0,2021-02-28 00:00:00
DET,NYK,90.0,109.0,2021-02-28 00:00:00
BOS,WAS,111.0,110.0,2021-02-28 00:00:00
MIN,PHX,99.0,118.0,2021-02-28 00:00:00
MIL,LAC,105.0,100.0,2021-02-28 00:00:00
PHI,IND,130.0,114.0,2021-03-01 00:00:00
SAS,BKN,113.0,124.0,2021-03-01 00:00:00
HOU,CLE,90.0,101.0,2021-03-01 00:00:00
CHI,DEN,112.0,118.0,2021-03-01 00:00:00
POR,CHA,123.0,111.0,2021-03-01 00:00:00
NOP,UTA,129.0,124.0,2021-03-01 00:00:00
ORL,DAL,124.0,130.0,2021-03-01 00:00:00
SAS,NYK,119.0,93.0,2021-03-02 00:00:00
WAS,MEM,111.0,125.0,2021-03-02 00:00:00
BOS,LAC,117.0,112.0,2021-03-02 00:00:00
LAL,PHX,104.0,114.0,2021-03-02 00:00:00
MIA,ATL,80.0,94.0,2021-03-02 00:00:00
MIL,DEN,97.0,128.0,2021-03-02 00:00:00
TOR,DET,105.0,129.0,2021-03-03 00:00:00
ORL,ATL,112.0,115.0,2021-03-03 00:00:00
SAC,LAL,123.0,120.0,2021-03-03 00:00:00
PHI,UTA,131.0,123.0,2021-03-03 00:00:00
POR,GSW,108.0,106.0,2021-03-03 00:00:00
DAL,OKC,87.0,78.0,2021-03-03 00:00:00
HOU,BKN,114.0,132.0,2021-03-03 00:00:00
NOP,CHI,124.0,128.0,2021-03-03 00:00:00
CLE,IND,111.0,114.0,2021-03-03 00:00:00
MIN,CHA,102.0,135.0,2021-03-03 00:00:00
SAS,OKC,102.0,107.0,2021-03-04 00:00:00
MEM,MIL,111.0,112.0,2021-03-04 00:00:00
PHX,GSW,120.0,98.0,2021-03-04 00:00:00
POR,SAC,123.0,119.0,2021-03-04 00:00:00
WAS,LAC,119.0,117.0,2021-03-04 00:00:00
IND,DEN,103.0,113.0,2021-03-04 00:00:00
NYK,DET,114.0,104.0,2021-03-04 00:00:00
NOP,MIA,93.0,103.0,2021-03-04 00:00:00
BOS,TOR,132.0,125.0,2021-03-04 00:00:00
DAL,SAS,115.0,104.0,2021-03-10 00:00:00
MEM,WAS,127.0,112.0,2021-03-10 00:00:00
CHI,PHI,105.0,127.0,2021-03-11 00:00:00
BKN,BOS,121.0,109.0,2021-03-11 00:00:00
MIA,ORL,111.0,103.0,2021-03-11 00:00:00
TOR,ATL,120.0,121.0,2021-03-11 00:00:00
POR,PHX,121.0,127.0,2021-03-11 00:00:00
OKC,DAL,116.0,108.0,2021-03-11 00:00:00
SAC,HOU,125.0,105.0,2021-03-11 00:00:00
LAC,GSW,130.0,104.0,2021-03-11 00:00:00
NOP,MIN,105.0,135.0,2021-03-11 00:00:00
MIL,NYK,134.0,101.0,2021-03-11 00:00:00
CHA,DET,105.0,102.0,2021-03-11 00:00:00
CHI,MIA,90.0,101.0,2021-03-12 00:00:00
SAS,ORL,104.0,77.0,2021-03-12 00:00:00
NOP,CLE,116.0,82.0,2021-03-12 00:00:00
MEM,DEN,102.0,103.0,2021-03-12 00:00:00
WAS,PHI,101.0,127.0,2021-03-12 00:00:00
LAL,IND,105.0,100.0,2021-03-12 00:00:00
UTA,HOU,114.0,99.0,2021-03-12 00:00:00
PHX,IND,111.0,122.0,2021-03-13 00:00:00
MIN,POR,121.0,125.0,2021-03-13 00:00:00
OKC,NYK,97.0,119.0,2021-03-13 00:00:00
WAS,MIL,119.0,125.0,2021-03-13 00:00:00
BKN,DET,100.0,95.0,2021-03-13 00:00:00
ATL,SAC,121.0,106.0,2021-03-13 00:00:00
DEN,DAL,103.0,116.0,2021-03-13 00:00:00
CHA,TOR,114.0,104.0,2021-03-13 00:00:00
CHI,TOR,118.0,95.0,2021-03-14 00:00:00
GSW,UTA,131.0,119.0,2021-03-14 00:00:00
ATL,CLE,100.0,82.0,2021-03-14 00:00:00
MIN,POR,114.0,112.0,2021-03-14 00:00:00
OKC,MEM,128.0,122.0,2021-03-14 00:00:00
PHI,SAS,134.0,99.0,2021-03-14 00:00:00
NOP,LAC,135.0,115.0,2021-03-14 00:00:00
HOU,BOS,107.0,134.0,2021-03-14 00:00:00
ORL,MIA,97.0,102.0,2021-03-14 00:00:00
WAS,MIL,122.0,133.0,2021-03-15 00:00:00
PHX,MEM,122.0,99.0,2021-03-15 00:00:00
BKN,NYK,117.0,112.0,2021-03-15 00:00:00
DET,SAS,99.0,109.0,2021-03-15 00:00:00
DEN,IND,121.0,106.0,2021-03-15 00:00:00
CHA,SAC,122.0,116.0,2021-03-15 00:00:00
DAL,LAC,99.0,109.0,2021-03-15 00:00:00
GSW,LAL,97.0,128.0,2021-03-15 00:00:00
LAL,MIN,137.0,121.0,2021-03-16 00:00:00
POR,NOP,125.0,124.0,2021-03-16 00:00:00
HOU,ATL,107.0,119.0,2021-03-16 00:00:00
MIA,CLE,113.0,98.0,2021-03-16 00:00:00
BOS,UTA,109.0,117.0,2021-03-16 00:00:00
PHI,NYK,99.0,96.0,2021-03-16 00:00:00
CHI,OKC,123.0,102.0,2021-03-16 00:00:00
DAL,LAC,105.0,89.0,2021-03-17 00:00:00
WAS,SAC,119.0,121.0,2021-03-17 00:00:00
IND,BKN,115.0,124.0,2021-03-17 00:00:00
PHI,MIL,105.0,109.0,2021-03-17 00:00:00
MEM,MIA,89.0,85.0,2021-03-17 00:00:00
DEN,CHA,129.0,104.0,2021-03-17 00:00:00
DET,TOR,116.0,112.0,2021-03-17 00:00:00
CLE,BOS,117.0,110.0,2021-03-17 00:00:00
HOU,GSW,94.0,108.0,2021-03-17 00:00:00
CHI,SAS,99.0,106.0,2021-03-17 00:00:00
ATL,OKC,116.0,93.0,2021-03-18 00:00:00
POR,NOP,101.0,93.0,2021-03-18 00:00:00
PHX,MIN,119.0,123.0,2021-03-18 00:00:00
LAL,CHA,116.0,105.0,2021-03-18 00:00:00
NYK,ORL,94.0,93.0,2021-03-18 00:00:00
WAS,UTA,131.0,122.0,2021-03-18 00:00:00
HOU,DET,100.0,113.0,2021-03-19 00:00:00
DEN,CHI,131.0,127.0,2021-03-19 00:00:00
BOS,SAC,96.0,107.0,2021-03-19 00:00:00
POR,DAL,125.0,119.0,2021-03-19 00:00:00
PHX,MIN,113.0,101.0,2021-03-19 00:00:00
MEM,GSW,103.0,116.0,2021-03-19 00:00:00
ORL,BKN,121.0,113.0,2021-03-19 00:00:00
CLE,SAS,110.0,116.0,2021-03-19 00:00:00
MIA,IND,110.0,137.0,2021-03-19 00:00:00
TOR,UTA,112.0,115.0,2021-03-19 00:00:00
MIL,SAS,120.0,113.0,2021-03-20 00:00:00
MEM,GSW,111.0,103.0,2021-03-20 00:00:00
LAL,ATL,94.0,99.0,2021-03-20 00:00:00
LAC,CHA,125.0,98.0,2021-03-20 00:00:00
PHI,SAC,129.0,105.0,2021-03-20 00:00:00
PHX,LAL,111.0,94.0,2021-03-21 00:00:00
DET,CHI,86.0,100.0,2021-03-21 00:00:00
HOU,OKC,112.0,114.0,2021-03-21 00:00:00
DEN,NOP,108.0,113.0,2021-03-21 00:00:00
CLE,TOR,116.0,105.0,2021-03-21 00:00:00
BOS,ORL,112.0,96.0,2021-03-21 00:00:00
NYK,PHI,100.0,101.0,2021-03-21 00:00:00
MIA,IND,106.0,109.0,2021-03-21 00:00:00
POR,DAL,92.0,132.0,2021-03-21 00:00:00
BKN,WAS,113.0,106.0,2021-03-21 00:00:00
SAS,CHA,97.0,100.0,2021-03-22 00:00:00
LAC,ATL,119.0,110.0,2021-03-22 00:00:00
CLE,SAC,105.0,119.0,2021-03-22 00:00:00
MIL,IND,140.0,113.0,2021-03-22 00:00:00
CHI,UTA,95.0,120.0,2021-03-22 00:00:00
MEM,BOS,132.0,126.0,2021-03-22 00:00:00
MIN,OKC,103.0,112.0,2021-03-22 00:00:00
HOU,TOR,117.0,99.0,2021-03-22 00:00:00
MIA,PHX,100.0,110.0,2021-03-23 00:00:00
POR,BKN,112.0,116.0,2021-03-23 00:00:00
GSW,PHI,98.0,108.0,2021-03-23 00:00:00
NOP,LAL,128.0,111.0,2021-03-23 00:00:00
NYK,WAS,131.0,113.0,2021-03-23 00:00:00
ORL,DEN,99.0,110.0,2021-03-23 00:00:00
SAS,LAC,101.0,134.0,2021-03-24 00:00:00
MIL,BOS,121.0,119.0,2021-03-24 00:00:00
ORL,PHX,112.0,111.0,2021-03-24 00:00:00
IND,DET,116.0,111.0,2021-03-24 00:00:00
SAC,ATL,110.0,108.0,2021-03-24 00:00:00
MIN,DAL,108.0,128.0,2021-03-24 00:00:00
OKC,MEM,107.0,116.0,2021-03-24 00:00:00
TOR,DEN,135.0,111.0,2021-03-24 00:00:00
CHI,CLE,94.0,103.0,2021-03-24 00:00:00
UTA,BKN,118.0,88.0,2021-03-24 00:00:00
HOU,CHA,97.0,122.0,2021-03-24 00:00:00
SAC,GSW,141.0,119.0,2021-03-25 00:00:00
LAL,PHI,101.0,109.0,2021-03-25 00:00:00
NYK,WAS,106.0,102.0,2021-03-25 00:00:00
SAS,LAC,85.0,98.0,2021-03-25 00:00:00
MIA,POR,122.0,125.0,2021-03-25 00:00:00
NOP,DEN,108.0,113.0,2021-03-26 00:00:00
ORL,POR,105.0,112.0,2021-03-26 00:00:00
CHA,MIA,110.0,105.0,2021-03-26 00:00:00
MIN,HOU,107.0,101.0,2021-03-26 00:00:00
UTA,MEM,117.0,114.0,2021-03-26 00:00:00
TOR,PHX,100.0,104.0,2021-03-26 00:00:00
DAL,IND,94.0,109.0,2021-03-26 00:00:00
MIL,BOS,114.0,122.0,2021-03-26 00:00:00
GSW,ATL,108.0,124.0,2021-03-26 00:00:00
LAL,CLE,100.0,86.0,2021-03-26 00:00:00
DET,BKN,111.0,113.0,2021-03-26 00:00:00
WAS,DET,106.0,92.0,2021-03-27 00:00:00
MIN,HOU,107.0,129.0,2021-03-27 00:00:00
NOP,DAL,112.0,103.0,2021-03-27 00:00:00
SAC,CLE,100.0,98.0,2021-03-27 00:00:00
LAC,PHI,122.0,112.0,2021-03-27 00:00:00
SAS,CHI,120.0,104.0,2021-03-27 00:00:00
MIL,NYK,96.0,102.0,2021-03-27 00:00:00
UTA,MEM,126.0,110.0,2021-03-27 00:00:00
OKC,BOS,94.0,111.0,2021-03-27 00:00:00
TOR,POR,117.0,122.0,2021-03-28 00:00:00
CHA,PHX,97.0,101.0,2021-03-28 00:00:00
DEN,ATL,126.0,102.0,2021-03-28 00:00:00
LAL,ORL,96.0,93.0,2021-03-28 00:00:00
BKN,MIN,112.0,107.0,2021-03-29 00:00:00
GSW,CHI,116.0,102.0,2021-03-29 00:00:00
DET,TOR,118.0,104.0,2021-03-29 00:00:00
BOS,NOP,109.0,115.0,2021-03-29 00:00:00
SAS,SAC,115.0,132.0,2021-03-29 00:00:00
HOU,MEM,110.0,120.0,2021-03-29 00:00:00
OKC,DAL,106.0,127.0,2021-03-29 00:00:00
NYK,MIA,88.0,98.0,2021-03-29 00:00:00
LAC,MIL,129.0,105.0,2021-03-29 00:00:00
UTA,CLE,114.0,75.0,2021-03-29 00:00:00
WAS,IND,132.0,124.0,2021-03-29 00:00:00
PHX,ATL,117.0,110.0,2021-03-30 00:00:00
DEN,PHI,104.0,95.0,2021-03-30 00:00:00
LAC,ORL,96.0,103.0,2021-03-30 00:00:00
WAS,CHA,104.0,114.0,2021-03-30 00:00:00
MEM,UTA,107.0,111.0,2021-03-31 00:00:00
PHX,CHI,121.0,116.0,2021-03-31 00:00:00
OKC,TOR,113.0,103.0,2021-03-31 00:00:00
MIN,NYK,102.0,101.0,2021-03-31 00:00:00
LAL,MIL,97.0,112.0,2021-03-31 00:00:00
DET,POR,101.0,124.0,2021-03-31 00:00:00
IND,MIA,87.0,92.0,2021-03-31 00:00:00
BOS,DAL,108.0,113.0,2021-03-31 00:00:00
SAS,SAC,120.0,106.0,2021-03-31 00:00:00
BKN,HOU,120.0,108.0,2021-03-31 00:00:00
SAS,ATL,129.0,134.0,2021-04-01 00:00:00
DET,WAS,120.0,91.0,2021-04-01 00:00:00
BKN,CHA,111.0,89.0,2021-04-01 00:00:00
MIA,GSW,116.0,109.0,2021-04-01 00:00:00
NOP,ORL,110.0,115.0,2021-04-01 00:00:00
CLE,PHI,94.0,114.0,2021-04-01 00:00:00
LAC,DEN,94.0,101.0,2021-04-01 00:00:00
NOP,ATL,103.0,126.0,2021-04-02 00:00:00
TOR,GSW,130.0,77.0,2021-04-02 00:00:00
IND,CHA,97.0,114.0,2021-04-02 00:00:00
PHX,OKC,140.0,103.0,2021-04-02 00:00:00
MEM,MIN,120.0,108.0,2021-04-02 00:00:00
SAC,LAL,94.0,115.0,2021-04-02 00:00:00
POR,MIL,109.0,127.0,2021-04-02 00:00:00
BOS,HOU,118.0,102.0,2021-04-02 00:00:00
UTA,CHI,113.0,106.0,2021-04-02 00:00:00
NYK,DAL,86.0,99.0,2021-04-02 00:00:00
DET,NYK,81.0,125.0,2021-04-03 00:00:00
WAS,DAL,87.0,109.0,2021-04-03 00:00:00
SAC,MIL,128.0,129.0,2021-04-03 00:00:00
POR,OKC,133.0,85.0,2021-04-03 00:00:00
MIA,CLE,115.0,101.0,2021-04-03 00:00:00
SAS,IND,133.0,139.0,2021-04-03 00:00:00
UTA,ORL,137.0,91.0,2021-04-03 00:00:00
PHI,MIN,122.0,113.0,2021-04-03 00:00:00
ATL,GSW,117.0,111.0,2021-04-04 00:00:00
BOS,CHA,116.0,86.0,2021-04-04 00:00:00
CHI,BKN,115.0,107.0,2021-04-04 00:00:00
HOU,NOP,115.0,122.0,2021-04-04 00:00:00
PHI,MEM,100.0,116.0,2021-04-04 00:00:00
DEN,ORL,119.0,109.0,2021-04-04 00:00:00
LAC,LAL,104.0,86.0,2021-04-04 00:00:00
TOR,WAS,103.0,101.0,2021-04-05 00:00:00
OKC,DET,108.0,132.0,2021-04-05 00:00:00
MIN,SAC,116.0,106.0,2021-04-05 00:00:00
HOU,PHX,130.0,133.0,2021-04-05 00:00:00
BKN,NYK,114.0,112.0,2021-04-05 00:00:00
DAL,UTA,111.0,103.0,2021-04-05 00:00:00
SAS,CLE,101.0,125.0,2021-04-05 00:00:00
MIA,MEM,112.0,124.0,2021-04-06 00:00:00
IND,CHI,97.0,113.0,2021-04-06 00:00:00
LAC,POR,133.0,116.0,2021-04-06 00:00:00
TOR,LAL,101.0,110.0,2021-04-06 00:00:00
DEN,DET,134.0,119.0,2021-04-06 00:00:00
BOS,PHI,96.0,106.0,2021-04-06 00:00:00
ATL,NOP,123.0,107.0,2021-04-06 00:00:00
GSW,MIL,122.0,121.0,2021-04-06 00:00:00
BOS,NYK,101.0,99.0,2021-04-07 00:00:00
ATL,MEM,113.0,131.0,2021-04-07 00:00:00
HOU,DAL,102.0,93.0,2021-04-07 00:00:00
PHX,UTA,117.0,113.0,2021-04-07 00:00:00
DEN,SAS,106.0,96.0,2021-04-07 00:00:00
IND,MIN,141.0,137.0,2021-04-07 00:00:00
OKC,CHA,102.0,113.0,2021-04-07 00:00:00
ORL,WAS,116.0,131.0,2021-04-07 00:00:00
BKN,NOP,139.0,111.0,2021-04-07 00:00:00
MIA,LAL,110.0,104.0,2021-04-08 00:00:00
SAC,DET,101.0,113.0,2021-04-08 00:00:00
DAL,MIL,116.0,101.0,2021-04-08 00:00:00
LAC,PHX,113.0,103.0,2021-04-08 00:00:00
UTA,POR,122.0,103.0,2021-04-08 00:00:00
TOR,CHI,113.0,122.0,2021-04-08 00:00:00
OKC,CLE,102.0,129.0,2021-04-08 00:00:00
DEN,SAS,121.0,119.0,2021-04-09 00:00:00
MIL,CHA,119.0,127.0,2021-04-09 00:00:00
BOS,MIN,145.0,136.0,2021-04-09 00:00:00
NOP,PHI,101.0,94.0,2021-04-09 00:00:00
GSW,WAS,107.0,110.0,2021-04-09 00:00:00
LAC,HOU,126.0,109.0,2021-04-09 00:00:00
ORL,IND,106.0,111.0,2021-04-09 00:00:00
NYK,MEM,133.0,129.0,2021-04-09 00:00:00
ATL,CHI,120.0,108.0,2021-04-09 00:00:00
PHX,WAS,134.0,106.0,2021-04-10 00:00:00
BKN,LAL,101.0,126.0,2021-04-10 00:00:00
POR,DET,118.0,103.0,2021-04-10 00:00:00
OKC,PHI,93.0,117.0,2021-04-10 00:00:00
GSW,HOU,125.0,109.0,2021-04-10 00:00:00
UTA,SAC,128.0,112.0,2021-04-10 00:00:00
CLE,TOR,115.0,135.0,2021-04-10 00:00:00
POR,MIA,98.0,107.0,2021-04-11 00:00:00
MIN,CHI,121.0,117.0,2021-04-11 00:00:00
MEM,IND,125.0,132.0,2021-04-11 00:00:00
ORL,MIL,87.0,124.0,2021-04-11 00:00:00
LAC,DET,131.0,124.0,2021-04-11 00:00:00
CHA,ATL,101.0,105.0,2021-04-11 00:00:00
NYK,TOR,102.0,96.0,2021-04-11 00:00:00
DEN,BOS,87.0,105.0,2021-04-11 00:00:00
DAL,SAS,117.0,119.0,2021-04-11 00:00:00
CLE,NOP,109.0,116.0,2021-04-11 00:00:00
MEM,CHI,101.0,90.0,2021-04-12 00:00:00
NOP,SAC,117.0,110.0,2021-04-12 00:00:00
DAL,PHI,95.0,113.0,2021-04-12 00:00:00
ORL,SAS,97.0,120.0,2021-04-12 00:00:00
PHX,HOU,126.0,120.0,2021-04-12 00:00:00
UTA,WAS,121.0,125.0,2021-04-12 00:00:00
NYK,LAL,111.0,96.0,2021-04-12 00:00:00
GSW,DEN,116.0,107.0,2021-04-12 00:00:00
TOR,ATL,103.0,108.0,2021-04-13 00:00:00
UTA,OKC,106.0,96.0,2021-04-13 00:00:00
POR,BOS,115.0,116.0,2021-04-13 00:00:00
PHX,MIA,106.0,86.0,2021-04-13 00:00:00
MIN,BKN,97.0,127.0,2021-04-13 00:00:00
CHA,LAL,93.0,101.0,2021-04-13 00:00:00
IND,LAC,115.0,126.0,2021-04-13 00:00:00
MEM,DAL,113.0,114.0,2021-04-14 00:00:00
OKC,GSW,109.0,147.0,2021-04-14 00:00:00
DET,LAC,98.0,100.0,2021-04-14 00:00:00
TOR,SAS,117.0,112.0,2021-04-14 00:00:00
CHI,ORL,106.0,115.0,2021-04-14 00:00:00
PHI,BKN,123.0,117.0,2021-04-14 00:00:00
HOU,IND,124.0,132.0,2021-04-14 00:00:00
MIN,MIL,105.0,130.0,2021-04-14 00:00:00
SAC,WAS,111.0,123.0,2021-04-14 00:00:00
CHA,CLE,90.0,103.0,2021-04-14 00:00:00
NOP,NYK,106.0,116.0,2021-04-14 00:00:00
DEN,MIA,123.0,106.0,2021-04-14 00:00:00
ATL,MIL,109.0,120.0,2021-04-15 00:00:00
PHX,SAC,122.0,114.0,2021-04-15 00:00:00
CLE,GSW,101.0,119.0,2021-04-15 00:00:00
LAL,BOS,113.0,121.0,2021-04-15 00:00:00
DAL,NYK,109.0,117.0,2021-04-16 00:00:00
HOU,DEN,99.0,128.0,2021-04-16 00:00:00
PHI,LAC,106.0,103.0,2021-04-16 00:00:00
WAS,NOP,117.0,115.0,2021-04-16 00:00:00
DET,OKC,110.0,104.0,2021-04-16 00:00:00
MIN,MIA,119.0,111.0,2021-04-16 00:00:00
BKN,CHA,130.0,115.0,2021-04-16 00:00:00
SAS,POR,106.0,107.0,2021-04-16 00:00:00
CHI,MEM,115.0,126.0,2021-04-16 00:00:00
TOR,ORL,113.0,102.0,2021-04-16 00:00:00
UTA,IND,119.0,111.0,2021-04-16 00:00:00
BOS,GSW,119.0,114.0,2021-04-17 00:00:00
MIL,MEM,115.0,128.0,2021-04-17 00:00:00
WAS,DET,121.0,100.0,2021-04-17 00:00:00
LAL,UTA,127.0,115.0,2021-04-17 00:00:00
PHX,SAS,85.0,111.0,2021-04-17 00:00:00
CHI,CLE,106.0,96.0,2021-04-17 00:00:00
NYK,NOP,122.0,112.0,2021-04-18 00:00:00
CHA,POR,109.0,101.0,2021-04-18 00:00:00
MIA,BKN,109.0,107.0,2021-04-18 00:00:00
ORL,HOU,110.0,114.0,2021-04-18 00:00:00
DAL,SAC,107.0,121.0,2021-04-18 00:00:00
ATL,IND,129.0,117.0,2021-04-18 00:00:00
LAC,MIN,124.0,105.0,2021-04-18 00:00:00
TOR,OKC,112.0,106.0,2021-04-18 00:00:00
PHI,GSW,96.0,107.0,2021-04-19 00:00:00
MIL,PHX,127.0,128.0,2021-04-19 00:00:00
IND,SAS,94.0,109.0,2021-04-19 00:00:00
DEN,MEM,139.0,137.0,2021-04-19 00:00:00
WAS,OKC,119.0,107.0,2021-04-19 00:00:00
DET,CLE,109.0,105.0,2021-04-19 00:00:00
MIA,HOU,113.0,91.0,2021-04-19 00:00:00
LAL,UTA,97.0,111.0,2021-04-19 00:00:00
BOS,CHI,96.0,102.0,2021-04-19 00:00:00
SAC,MIN,120.0,134.0,2021-04-20 00:00:00
POR,LAC,112.0,113.0,2021-04-20 00:00:00
NYK,CHA,109.0,97.0,2021-04-20 00:00:00
NOP,BKN,129.0,134.0,2021-04-20 00:00:00
ATL,ORL,112.0,96.0,2021-04-20 00:00:00
SAS,MIA,87.0,107.0,2021-04-21 00:00:00
TOR,BKN,114.0,103.0,2021-04-21 00:00:00
CLE,CHI,121.0,105.0,2021-04-21 00:00:00
DAL,DET,127.0,117.0,2021-04-21 00:00:00
HOU,UTA,89.0,112.0,2021-04-21 00:00:00
WAS,GSW,118.0,114.0,2021-04-21 00:00:00
NYK,ATL,137.0,127.0,2021-04-21 00:00:00
SAC,MIN,128.0,125.0,2021-04-21 00:00:00
LAC,MEM,117.0,105.0,2021-04-21 00:00:00
POR,DEN,105.0,106.0,2021-04-21 00:00:00
PHI,PHX,113.0,116.0,2021-04-21 00:00:00
IND,OKC,122.0,116.0,2021-04-21 00:00:00
DAL,LAL,115.0,110.0,2021-04-22 00:00:00
CHI,CHA,108.0,91.0,2021-04-22 00:00:00
BOS,PHX,99.0,86.0,2021-04-22 00:00:00
SAS,DET,106.0,91.0,2021-04-22 00:00:00
ORL,NOP,100.0,135.0,2021-04-22 00:00:00
MIL,PHI,124.0,117.0,2021-04-22 00:00:00
ATL,MIA,118.0,103.0,2021-04-23 00:00:00
HOU,LAC,104.0,109.0,2021-04-23 00:00:00
POR,MEM,128.0,130.0,2021-04-23 00:00:00
OKC,WAS,109.0,129.0,2021-04-23 00:00:00
BKN,BOS,109.0,104.0,2021-04-23 00:00:00
GSW,DEN,118.0,97.0,2021-04-23 00:00:00
CHA,CLE,108.0,102.0,2021-04-23 00:00:00
IND,DET,115.0,109.0,2021-04-24 00:00:00
MIL,PHI,132.0,94.0,2021-04-24 00:00:00
DEN,HOU,129.0,116.0,2021-04-24 00:00:00
MIA,CHI,106.0,101.0,2021-04-24 00:00:00
UTA,MIN,96.0,101.0,2021-04-24 00:00:00
NYK,TOR,120.0,103.0,2021-04-24 00:00:00
DAL,LAL,108.0,93.0,2021-04-24 00:00:00
NOP,SAS,108.0,110.0,2021-04-24 00:00:00
BKN,PHX,128.0,119.0,2021-04-25 00:00:00
GSW,SAC,117.0,113.0,2021-04-25 00:00:00
ORL,IND,112.0,131.0,2021-04-25 00:00:00
ATL,MIL,111.0,104.0,2021-04-25 00:00:00
POR,MEM,113.0,120.0,2021-04-25 00:00:00
CHA,BOS,125.0,104.0,2021-04-25 00:00:00
WAS,CLE,119.0,110.0,2021-04-25 00:00:00
PHI,OKC,121.0,90.0,2021-04-26 00:00:00
MIA,CHI,102.0,110.0,2021-04-26 00:00:00
DEN,MEM,120.0,96.0,2021-04-26 00:00:00
ORL,LAL,103.0,114.0,2021-04-26 00:00:00
NYK,PHX,110.0,118.0,2021-04-26 00:00:00
MIN,UTA,105.0,104.0,2021-04-26 00:00:00
SAC,DAL,113.0,106.0,2021-04-26 00:00:00
WAS,SAS,143.0,146.0,2021-04-26 00:00:00
DET,ATL,100.0,86.0,2021-04-26 00:00:00
TOR,CLE,112.0,96.0,2021-04-26 00:00:00
NOP,LAC,120.0,103.0,2021-04-26 00:00:00
GSW,DAL,103.0,133.0,2021-04-27 00:00:00
TOR,BKN,103.0,116.0,2021-04-27 00:00:00
HOU,MIN,107.0,114.0,2021-04-27 00:00:00
CHA,MIL,104.0,114.0,2021-04-27 00:00:00
IND,POR,112.0,133.0,2021-04-27 00:00:00
BOS,OKC,115.0,119.0,2021-04-27 00:00:00
MIA,SAS,116.0,111.0,2021-04-28 00:00:00
PHI,ATL,127.0,83.0,2021-04-28 00:00:00
PHX,LAC,109.0,101.0,2021-04-28 00:00:00
WAS,LAL,116.0,107.0,2021-04-28 00:00:00
BOS,CHA,120.0,111.0,2021-04-28 00:00:00
CLE,ORL,104.0,109.0,2021-04-28 00:00:00
MEM,POR,109.0,130.0,2021-04-28 00:00:00
DEN,NOP,114.0,112.0,2021-04-28 00:00:00
NYK,CHI,113.0,94.0,2021-04-28 00:00:00
SAC,UTA,105.0,154.0,2021-04-28 00:00:00
DEN,TOR,121.0,111.0,2021-04-29 00:00:00
OKC,NOP,95.0,109.0,2021-04-29 00:00:00
MIN,GSW,126.0,114.0,2021-04-29 00:00:00
DET,DAL,105.0,115.0,2021-04-29 00:00:00
IND,BKN,113.0,130.0,2021-04-29 00:00:00
HOU,MIL,143.0,136.0,2021-04-29 00:00:00
BKN,POR,109.0,128.0,2021-04-30 00:00:00
CHI,MIL,98.0,108.0,2021-04-30 00:00:00
PHI,ATL,126.0,104.0,2021-04-30 00:00:00
MEM,ORL,92.0,75.0,2021-04-30 00:00:00
BOS,SAS,143.0,140.0,2021-04-30 00:00:00
LAL,SAC,106.0,110.0,2021-04-30 00:00:00
PHX,UTA,121.0,100.0,2021-04-30 00:00:00
CLE,WAS,93.0,122.0,2021-04-30 00:00:00
HOU,GSW,87.0,113.0,2021-05-01 00:00:00
DAL,WAS,125.0,124.0,2021-05-01 00:00:00
CLE,MIA,107.0,124.0,2021-05-01 00:00:00
LAC,DEN,104.0,110.0,2021-05-01 00:00:00
ORL,MEM,112.0,111.0,2021-05-01 00:00:00
MIN,NOP,136.0,140.0,2021-05-01 00:00:00
ATL,CHI,108.0,97.0,2021-05-01 00:00:00
CHA,DET,107.0,94.0,2021-05-01 00:00:00
UTA,TOR,106.0,102.0,2021-05-01 00:00:00
OKC,IND,95.0,152.0,2021-05-01 00:00:00
LAL,TOR,114.0,121.0,2021-05-02 00:00:00
DAL,SAC,99.0,111.0,2021-05-02 00:00:00
SAS,PHI,111.0,113.0,2021-05-02 00:00:00
CHA,MIA,111.0,121.0,2021-05-02 00:00:00
OKC,PHX,120.0,123.0,2021-05-02 00:00:00
HOU,NYK,97.0,122.0,2021-05-02 00:00:00
MIL,BKN,117.0,114.0,2021-05-02 00:00:00
BOS,POR,119.0,129.0,2021-05-02 00:00:00
DET,ORL,112.0,119.0,2021-05-03 00:00:00
CHI,PHI,94.0,106.0,2021-05-03 00:00:00
NOP,GSW,108.0,123.0,2021-05-03 00:00:00
WAS,IND,154.0,141.0,2021-05-03 00:00:00
ATL,POR,123.0,114.0,2021-05-03 00:00:00
LAL,DEN,93.0,89.0,2021-05-03 00:00:00
UTA,SAS,110.0,99.0,2021-05-03 00:00:00
MEM,NYK,104.0,118.0,2021-05-03 00:00:00
OKC,SAC,99.0,103.0,2021-05-04 00:00:00
DET,CHA,99.0,102.0,2021-05-04 00:00:00
MIA,DAL,113.0,127.0,2021-05-04 00:00:00
CLE,PHX,118.0,134.0,2021-05-04 00:00:00
LAC,TOR,105.0,100.0,2021-05-04 00:00:00
NOP,GSW,108.0,103.0,2021-05-04 00:00:00
MIL,BKN,124.0,118.0,2021-05-04 00:00:00
DEN,NYK,113.0,97.0,2021-05-05 00:00:00
MIL,WAS,135.0,134.0,2021-05-05 00:00:00
MIN,MEM,135.0,139.0,2021-05-05 00:00:00
HOU,PHI,115.0,135.0,2021-05-05 00:00:00
UTA,SAS,126.0,94.0,2021-05-05 00:00:00
CLE,POR,105.0,141.0,2021-05-05 00:00:00
IND,SAC,93.0,104.0,2021-05-05 00:00:00
ATL,PHX,135.0,103.0,2021-05-05 00:00:00
ORL,BOS,96.0,132.0,2021-05-05 00:00:00
IND,ATL,133.0,126.0,2021-05-06 00:00:00
DET,MEM,111.0,97.0,2021-05-06 00:00:00
CHA,CHI,99.0,120.0,2021-05-06 00:00:00
GSW,OKC,118.0,97.0,2021-05-06 00:00:00
DAL,BKN,113.0,109.0,2021-05-06 00:00:00
LAC,LAL,118.0,94.0,2021-05-06 00:00:00
TOR,WAS,129.0,131.0,2021-05-06 00:00:00
POR,LAL,106.0,101.0,2021-05-07 00:00:00
DAL,CLE,110.0,90.0,2021-05-07 00:00:00
MIA,MIN,121.0,112.0,2021-05-07 00:00:00
UTA,DEN,127.0,120.0,2021-05-07 00:00:00
CHI,BOS,121.0,99.0,2021-05-07 00:00:00
MIL,HOU,141.0,133.0,2021-05-07 00:00:00
PHI,NOP,109.0,107.0,2021-05-07 00:00:00
SAC,SAS,104.0,113.0,2021-05-07 00:00:00
CHA,ORL,122.0,112.0,2021-05-07 00:00:00
PHX,NYK,128.0,105.0,2021-05-07 00:00:00
POR,SAS,124.0,102.0,2021-05-08 00:00:00
DEN,BKN,119.0,125.0,2021-05-08 00:00:00
IND,WAS,132.0,133.0,2021-05-08 00:00:00
UTA,HOU,124.0,116.0,2021-05-08 00:00:00
GSW,OKC,136.0,97.0,2021-05-08 00:00:00
PHI,DET,118.0,104.0,2021-05-08 00:00:00
TOR,MEM,99.0,109.0,2021-05-08 00:00:00
LAL,PHX,123.0,110.0,2021-05-09 00:00:00
SAC,OKC,126.0,98.0,2021-05-09 00:00:00
ORL,MIN,96.0,128.0,2021-05-09 00:00:00
BOS,MIA,124.0,130.0,2021-05-09 00:00:00
CHA,NOP,110.0,112.0,2021-05-09 00:00:00
DET,CHI,96.0,108.0,2021-05-09 00:00:00
CLE,DAL,97.0,124.0,2021-05-09 00:00:00
LAC,NYK,100.0,106.0,2021-05-09 00:00:00
GSW,UTA,119.0,116.0,2021-05-10 00:00:00
ATL,WAS,125.0,124.0,2021-05-10 00:00:00
POR,HOU,140.0,129.0,2021-05-10 00:00:00
SAS,MIL,146.0,125.0,2021-05-10 00:00:00
CLE,IND,102.0,111.0,2021-05-10 00:00:00
MEM,NOP,115.0,110.0,2021-05-10 00:00:00
MIL,ORL,114.0,102.0,2021-05-11 00:00:00
MEM,DAL,133.0,104.0,2021-05-11 00:00:00
DET,MIN,100.0,119.0,2021-05-11 00:00:00
BOS,MIA,121.0,129.0,2021-05-11 00:00:00
SAC,OKC,122.0,106.0,2021-05-11 00:00:00
LAL,NYK,101.0,99.0,2021-05-11 00:00:00
CHA,DEN,112.0,117.0,2021-05-11 00:00:00
TOR,LAC,96.0,115.0,2021-05-11 00:00:00
GSW,PHX,122.0,116.0,2021-05-11 00:00:00
CHI,BKN,107.0,115.0,2021-05-11 00:00:00
IND,PHI,103.0,94.0,2021-05-11 00:00:00
CLE,BOS,102.0,94.0,2021-05-12 00:00:00
ATL,WAS,120.0,116.0,2021-05-12 00:00:00
BKN,SAS,128.0,116.0,2021-05-12 00:00:00
UTA,POR,98.0,105.0,2021-05-12 00:00:00
LAL,HOU,124.0,122.0,2021-05-12 00:00:00
DAL,NOP,125.0,107.0,2021-05-12 00:00:00
CHI,TOR,114.0,102.0,2021-05-13 00:00:00
NYK,SAS,102.0,98.0,2021-05-13 00:00:00
CHA,LAC,90.0,113.0,2021-05-13 00:00:00
IND,MIL,133.0,142.0,2021-05-13 00:00:00
MIA,PHI,106.0,94.0,2021-05-13 00:00:00
ATL,ORL,116.0,93.0,2021-05-13 00:00:00
MEM,SAC,116.0,110.0,2021-05-13 00:00:00
PHX,POR,118.0,117.0,2021-05-13 00:00:00
MIN,DEN,103.0,114.0,2021-05-13 00:00:00
HOU,LAC,122.0,115.0,2021-05-14 00:00:00
DET,DEN,91.0,104.0,2021-05-14 00:00:00
DAL,TOR,114.0,110.0,2021-05-14 00:00:00
GSW,NOP,125.0,122.0,2021-05-14 00:00:00
MEM,SAC,107.0,106.0,2021-05-14 00:00:00
PHI,ORL,122.0,97.0,2021-05-14 00:00:00
WAS,CLE,120.0,105.0,2021-05-14 00:00:00
OKC,UTA,93.0,109.0,2021-05-14 00:00:00
NYK,CHA,118.0,109.0,2021-05-15 00:00:00
SAS,PHX,103.0,140.0,2021-05-15 00:00:00
BKN,CHI,105.0,91.0,2021-05-15 00:00:00
MIN,BOS,108.0,124.0,2021-05-15 00:00:00
MIL,MIA,122.0,108.0,2021-05-15 00:00:00
IND,LAL,115.0,122.0,2021-05-15 00:00:00
GSW,MEM,113.0,101.0,2021-05-16 00:00:00
PHI,ORL,128.0,117.0,2021-05-16 00:00:00
SAC,UTA,99.0,121.0,2021-05-16 00:00:00
NOP,LAL,98.0,110.0,2021-05-16 00:00:00
BKN,CLE,123.0,109.0,2021-05-16 00:00:00
POR,DEN,132.0,116.0,2021-05-16 00:00:00
MIN,DAL,136.0,121.0,2021-05-16 00:00:00
NYK,BOS,96.0,92.0,2021-05-16 00:00:00
DET,MIA,107.0,120.0,2021-05-16 00:00:00
OKC,LAC,117.0,112.0,2021-05-16 00:00:00
TOR,IND,113.0,125.0,2021-05-16 00:00:00
WAS,CHA,115.0,110.0,2021-05-16 00:00:00
CHI,MIL,118.0,112.0,2021-05-16 00:00:00
SAS,PHX,121.0,123.0,2021-05-16 00:00:00
ATL,HOU,124.0,95.0,2021-05-16 00:00:00
