team_abbreviation_home,team_abbreviation_away,wl_home,game_date
GSW,HOU,L,2017-10-17 00:00:00
CLE,BOS,W,2017-10-17 00:00:00
SAS,MIN,W,2017-10-18 00:00:00
DAL,ATL,L,2017-10-18 00:00:00
UTA,DEN,W,2017-10-18 00:00:00
WAS,PHI,W,2017-10-18 00:00:00
MEM,NOP,W,2017-10-18 00:00:00
IND,BKN,W,2017-10-18 00:00:00
ORL,MIA,W,2017-10-18 00:00:00
PHX,POR,L,2017-10-18 00:00:00
DET,CHA,W,2017-10-18 00:00:00
SAC,HOU,L,2017-10-18 00:00:00
BOS,MIL,L,2017-10-18 00:00:00
LAL,LAC,L,2017-10-19 00:00:00
TOR,CHI,W,2017-10-19 00:00:00
OKC,NYK,W,2017-10-19 00:00:00
IND,POR,L,2017-10-20 00:00:00
WAS,DET,W,2017-10-20 00:00:00
BKN,ORL,W,2017-10-20 00:00:00
PHX,LAL,L,2017-10-20 00:00:00
PHI,BOS,L,2017-10-20 00:00:00
CHA,ATL,W,2017-10-20 00:00:00
MIL,CLE,L,2017-10-20 00:00:00
MIN,UTA,W,2017-10-20 00:00:00
NOP,GSW,L,2017-10-20 00:00:00
DAL,SAC,L,2017-10-20 00:00:00
DEN,SAC,W,2017-10-21 00:00:00
UTA,OKC,W,2017-10-21 00:00:00
MIA,IND,W,2017-10-21 00:00:00
CHI,SAS,L,2017-10-21 00:00:00
TOR,PHI,W,2017-10-21 00:00:00
CLE,ORL,L,2017-10-21 00:00:00
LAC,PHX,W,2017-10-21 00:00:00
MIL,POR,W,2017-10-21 00:00:00
HOU,DAL,W,2017-10-21 00:00:00
NYK,DET,L,2017-10-21 00:00:00
MEM,GSW,W,2017-10-21 00:00:00
OKC,MIN,L,2017-10-22 00:00:00
BKN,ATL,W,2017-10-22 00:00:00
LAL,NOP,L,2017-10-22 00:00:00
DAL,GSW,L,2017-10-23 00:00:00
MIA,ATL,W,2017-10-23 00:00:00
PHX,SAC,W,2017-10-23 00:00:00
DET,PHI,L,2017-10-23 00:00:00
DEN,WAS,L,2017-10-23 00:00:00
MIL,CHA,W,2017-10-23 00:00:00
SAS,TOR,W,2017-10-23 00:00:00
HOU,MEM,L,2017-10-23 00:00:00
LAC,UTA,W,2017-10-24 00:00:00
MIN,IND,L,2017-10-24 00:00:00
BOS,NYK,W,2017-10-24 00:00:00
CLE,CHI,W,2017-10-24 00:00:00
POR,NOP,W,2017-10-24 00:00:00
ORL,BKN,W,2017-10-24 00:00:00
DET,MIN,W,2017-10-25 00:00:00
BKN,CLE,W,2017-10-25 00:00:00
DAL,MEM,W,2017-10-25 00:00:00
LAL,WAS,W,2017-10-25 00:00:00
PHX,UTA,W,2017-10-25 00:00:00
CHA,DEN,W,2017-10-25 00:00:00
OKC,IND,W,2017-10-25 00:00:00
GSW,TOR,W,2017-10-25 00:00:00
PHI,HOU,L,2017-10-25 00:00:00
MIA,SAS,L,2017-10-25 00:00:00
SAC,NOP,L,2017-10-26 00:00:00
MEM,DAL,W,2017-10-26 00:00:00
POR,LAC,L,2017-10-26 00:00:00
MIL,BOS,L,2017-10-26 00:00:00
CHI,ATL,W,2017-10-26 00:00:00
LAL,TOR,L,2017-10-27 00:00:00
NYK,BKN,W,2017-10-27 00:00:00
ATL,DEN,L,2017-10-27 00:00:00
GSW,WAS,W,2017-10-27 00:00:00
CHA,HOU,L,2017-10-27 00:00:00
ORL,SAS,W,2017-10-27 00:00:00
MIN,OKC,W,2017-10-27 00:00:00
DAL,PHI,L,2017-10-28 00:00:00
MIA,BOS,L,2017-10-28 00:00:00
NOP,CLE,W,2017-10-28 00:00:00
CHI,OKC,L,2017-10-28 00:00:00
UTA,LAL,W,2017-10-28 00:00:00
LAC,DET,L,2017-10-28 00:00:00
POR,PHX,W,2017-10-28 00:00:00
MEM,HOU,W,2017-10-28 00:00:00
IND,SAS,W,2017-10-29 00:00:00
ATL,MIL,L,2017-10-29 00:00:00
BKN,DEN,L,2017-10-29 00:00:00
CLE,NYK,L,2017-10-29 00:00:00
CHA,ORL,W,2017-10-29 00:00:00
GSW,DET,L,2017-10-29 00:00:00
SAC,WAS,L,2017-10-29 00:00:00
UTA,DAL,W,2017-10-30 00:00:00
HOU,PHI,L,2017-10-30 00:00:00
NYK,DEN,W,2017-10-30 00:00:00
POR,TOR,L,2017-10-30 00:00:00
NOP,ORL,L,2017-10-30 00:00:00
MEM,CHA,L,2017-10-30 00:00:00
LAC,GSW,L,2017-10-30 00:00:00
BOS,SAS,W,2017-10-30 00:00:00
MIA,MIN,L,2017-10-30 00:00:00
LAL,DET,W,2017-10-31 00:00:00
BKN,PHX,L,2017-10-31 00:00:00
MIL,OKC,L,2017-10-31 00:00:00
IND,SAC,W,2017-10-31 00:00:00
UTA,POR,W,2017-11-01 00:00:00
WAS,PHX,L,2017-11-01 00:00:00
CLE,IND,L,2017-11-01 00:00:00
MEM,ORL,L,2017-11-01 00:00:00
LAC,DAL,W,2017-11-01 00:00:00
NOP,MIN,L,2017-11-01 00:00:00
BOS,SAC,W,2017-11-01 00:00:00
PHI,ATL,W,2017-11-01 00:00:00
DEN,TOR,W,2017-11-01 00:00:00
NYK,HOU,L,2017-11-01 00:00:00
CHA,MIL,W,2017-11-01 00:00:00
MIA,CHI,W,2017-11-01 00:00:00
POR,LAL,W,2017-11-02 00:00:00
SAS,GSW,L,2017-11-02 00:00:00
DET,MIL,W,2017-11-03 00:00:00
PHI,IND,W,2017-11-03 00:00:00
OKC,BOS,L,2017-11-03 00:00:00
LAL,BKN,W,2017-11-03 00:00:00
UTA,TOR,L,2017-11-03 00:00:00
DEN,MIA,W,2017-11-03 00:00:00
SAS,CHA,W,2017-11-03 00:00:00
DAL,NOP,L,2017-11-03 00:00:00
ORL,CHI,L,2017-11-03 00:00:00
NYK,PHX,W,2017-11-03 00:00:00
ATL,HOU,L,2017-11-03 00:00:00
WAS,CLE,L,2017-11-03 00:00:00
CHI,NOP,L,2017-11-04 00:00:00
DEN,GSW,L,2017-11-04 00:00:00
MIN,DAL,W,2017-11-04 00:00:00
LAC,MEM,L,2017-11-04 00:00:00
DET,SAC,W,2017-11-04 00:00:00
SAS,PHX,W,2017-11-05 00:00:00
HOU,UTA,W,2017-11-05 00:00:00
POR,OKC,W,2017-11-05 00:00:00
TOR,WAS,L,2017-11-05 00:00:00
CLE,ATL,L,2017-11-05 00:00:00
LAL,MEM,W,2017-11-05 00:00:00
MIN,CHA,W,2017-11-05 00:00:00
ORL,BOS,L,2017-11-05 00:00:00
NYK,IND,W,2017-11-05 00:00:00
LAC,MIA,L,2017-11-05 00:00:00
PHX,BKN,L,2017-11-06 00:00:00
GSW,MIA,W,2017-11-06 00:00:00
ATL,BOS,L,2017-11-06 00:00:00
IND,NOP,L,2017-11-07 00:00:00
POR,MEM,L,2017-11-07 00:00:00
NYK,CHA,W,2017-11-07 00:00:00
WAS,DAL,L,2017-11-07 00:00:00
SAC,OKC,W,2017-11-07 00:00:00
DEN,BKN,W,2017-11-07 00:00:00
TOR,CHI,W,2017-11-07 00:00:00
CLE,MIL,W,2017-11-07 00:00:00
SAS,LAC,W,2017-11-07 00:00:00
UTA,PHI,L,2017-11-07 00:00:00
GSW,MIN,W,2017-11-08 00:00:00
PHX,MIA,L,2017-11-08 00:00:00
BOS,LAL,W,2017-11-08 00:00:00
DET,IND,W,2017-11-08 00:00:00
ORL,NYK,W,2017-11-08 00:00:00
DEN,OKC,W,2017-11-09 00:00:00
TOR,NOP,W,2017-11-09 00:00:00
SAC,PHI,W,2017-11-09 00:00:00
HOU,CLE,W,2017-11-09 00:00:00
WAS,LAL,W,2017-11-09 00:00:00
POR,BKN,L,2017-11-10 00:00:00
UTA,MIA,L,2017-11-10 00:00:00
DET,ATL,W,2017-11-10 00:00:00
SAS,MIL,L,2017-11-10 00:00:00
BOS,CHA,W,2017-11-10 00:00:00
OKC,LAC,W,2017-11-10 00:00:00
PHX,ORL,L,2017-11-10 00:00:00
CHI,IND,L,2017-11-10 00:00:00
SAS,CHI,W,2017-11-11 00:00:00
HOU,MEM,W,2017-11-11 00:00:00
DAL,CLE,L,2017-11-11 00:00:00
MIL,LAL,W,2017-11-11 00:00:00
DEN,ORL,W,2017-11-11 00:00:00
PHX,MIN,W,2017-11-11 00:00:00
NYK,SAC,W,2017-11-11 00:00:00
NOP,LAC,W,2017-11-11 00:00:00
GSW,PHI,W,2017-11-11 00:00:00
WAS,ATL,W,2017-11-11 00:00:00
UTA,BKN,W,2017-11-11 00:00:00
DET,MIA,W,2017-11-12 00:00:00
OKC,DAL,W,2017-11-12 00:00:00
BOS,TOR,W,2017-11-12 00:00:00
IND,HOU,L,2017-11-12 00:00:00
GSW,ORL,W,2017-11-13 00:00:00
PHX,LAL,L,2017-11-13 00:00:00
POR,DEN,W,2017-11-13 00:00:00
NOP,ATL,W,2017-11-13 00:00:00
LAC,PHI,L,2017-11-13 00:00:00
NYK,CLE,L,2017-11-13 00:00:00
MIL,MEM,W,2017-11-13 00:00:00
UTA,MIN,L,2017-11-13 00:00:00
WAS,SAC,W,2017-11-13 00:00:00
DAL,SAS,L,2017-11-14 00:00:00
BKN,BOS,L,2017-11-14 00:00:00
HOU,TOR,L,2017-11-14 00:00:00
MEM,IND,L,2017-11-15 00:00:00
POR,ORL,W,2017-11-15 00:00:00
OKC,CHI,W,2017-11-15 00:00:00
NYK,UTA,W,2017-11-15 00:00:00
MIL,DET,W,2017-11-15 00:00:00
CHA,CLE,L,2017-11-15 00:00:00
NOP,TOR,L,2017-11-15 00:00:00
MIN,SAS,W,2017-11-15 00:00:00
LAL,PHI,L,2017-11-15 00:00:00
MIA,WAS,L,2017-11-15 00:00:00
ATL,SAC,W,2017-11-15 00:00:00
BOS,GSW,W,2017-11-16 00:00:00
PHX,HOU,L,2017-11-16 00:00:00
SAC,POR,W,2017-11-17 00:00:00
LAL,PHX,L,2017-11-17 00:00:00
TOR,NYK,W,2017-11-17 00:00:00
IND,DET,W,2017-11-17 00:00:00
CHI,CHA,W,2017-11-17 00:00:00
DEN,NOP,W,2017-11-17 00:00:00
SAS,OKC,W,2017-11-17 00:00:00
CLE,LAC,W,2017-11-17 00:00:00
BKN,UTA,W,2017-11-17 00:00:00
DAL,MIN,L,2017-11-17 00:00:00
WAS,MIA,L,2017-11-17 00:00:00
MEM,HOU,L,2017-11-18 00:00:00
ATL,BOS,L,2017-11-18 00:00:00
CHA,LAC,W,2017-11-18 00:00:00
ORL,UTA,L,2017-11-18 00:00:00
PHI,GSW,L,2017-11-18 00:00:00
POR,SAC,W,2017-11-18 00:00:00
DAL,MIL,W,2017-11-18 00:00:00
MIN,DET,L,2017-11-19 00:00:00
TOR,WAS,W,2017-11-19 00:00:00
LAL,DEN,W,2017-11-19 00:00:00
MIA,IND,L,2017-11-19 00:00:00
BKN,GSW,L,2017-11-19 00:00:00
PHX,CHI,W,2017-11-19 00:00:00
NOP,OKC,W,2017-11-20 00:00:00
DET,CLE,L,2017-11-20 00:00:00
MIL,WAS,L,2017-11-20 00:00:00
ORL,IND,L,2017-11-20 00:00:00
SAC,DEN,L,2017-11-20 00:00:00
NYK,LAC,W,2017-11-20 00:00:00
PHI,UTA,W,2017-11-20 00:00:00
CHA,MIN,W,2017-11-20 00:00:00
SAS,ATL,W,2017-11-20 00:00:00
MEM,POR,L,2017-11-20 00:00:00
DAL,BOS,L,2017-11-20 00:00:00
LAL,CHI,W,2017-11-21 00:00:00
CLE,BKN,W,2017-11-22 00:00:00
UTA,CHI,W,2017-11-22 00:00:00
MIA,BOS,W,2017-11-22 00:00:00
MEM,DAL,L,2017-11-22 00:00:00
ATL,LAC,L,2017-11-22 00:00:00
HOU,DEN,W,2017-11-22 00:00:00
SAC,LAL,W,2017-11-22 00:00:00
NYK,TOR,W,2017-11-22 00:00:00
NOP,SAS,W,2017-11-22 00:00:00
CHA,WAS,W,2017-11-22 00:00:00
OKC,GSW,W,2017-11-22 00:00:00
PHI,POR,W,2017-11-22 00:00:00
PHX,MIL,L,2017-11-22 00:00:00
MIN,ORL,W,2017-11-22 00:00:00
BOS,ORL,W,2017-11-24 00:00:00
BKN,POR,L,2017-11-24 00:00:00
GSW,CHI,W,2017-11-24 00:00:00
PHX,NOP,L,2017-11-24 00:00:00
CLE,CHA,W,2017-11-24 00:00:00
DEN,MEM,W,2017-11-24 00:00:00
IND,TOR,W,2017-11-24 00:00:00
OKC,DET,L,2017-11-24 00:00:00
MIN,MIA,L,2017-11-24 00:00:00
ATL,NYK,W,2017-11-24 00:00:00
DAL,OKC,W,2017-11-25 00:00:00
CHA,SAS,L,2017-11-25 00:00:00
ATL,TOR,L,2017-11-25 00:00:00
IND,BOS,L,2017-11-25 00:00:00
GSW,NOP,W,2017-11-25 00:00:00
PHI,ORL,W,2017-11-25 00:00:00
UTA,MIL,W,2017-11-25 00:00:00
WAS,POR,L,2017-11-25 00:00:00
HOU,NYK,W,2017-11-25 00:00:00
SAC,LAC,L,2017-11-25 00:00:00
MIN,PHX,W,2017-11-26 00:00:00
MEM,BKN,L,2017-11-26 00:00:00
CHI,MIA,L,2017-11-26 00:00:00
LAC,LAL,W,2017-11-27 00:00:00
BOS,DET,L,2017-11-27 00:00:00
PHI,CLE,L,2017-11-27 00:00:00
NYK,POR,L,2017-11-27 00:00:00
HOU,BKN,W,2017-11-27 00:00:00
GSW,SAC,L,2017-11-27 00:00:00
SAS,DAL,W,2017-11-27 00:00:00
IND,ORL,W,2017-11-27 00:00:00
CLE,MIA,W,2017-11-28 00:00:00
CHI,PHX,L,2017-11-28 00:00:00
SAC,MIL,L,2017-11-28 00:00:00
UTA,DEN,W,2017-11-28 00:00:00
MIN,WAS,L,2017-11-28 00:00:00
DET,PHX,W,2017-11-29 00:00:00
DAL,BKN,L,2017-11-29 00:00:00
NOP,MIN,L,2017-11-29 00:00:00
HOU,IND,W,2017-11-29 00:00:00
NYK,MIA,W,2017-11-29 00:00:00
ORL,OKC,W,2017-11-29 00:00:00
LAL,GSW,L,2017-11-29 00:00:00
PHI,WAS,W,2017-11-29 00:00:00
SAS,MEM,W,2017-11-29 00:00:00
TOR,CHA,W,2017-11-29 00:00:00
LAC,UTA,L,2017-11-30 00:00:00
ATL,CLE,L,2017-11-30 00:00:00
POR,MIL,L,2017-11-30 00:00:00
BOS,PHI,W,2017-11-30 00:00:00
DEN,CHI,W,2017-11-30 00:00:00
UTA,NOP,W,2017-12-01 00:00:00
OKC,MIN,W,2017-12-01 00:00:00
MIA,CHA,W,2017-12-01 00:00:00
WAS,DET,W,2017-12-01 00:00:00
ORL,GSW,L,2017-12-01 00:00:00
TOR,IND,W,2017-12-01 00:00:00
MEM,SAS,L,2017-12-01 00:00:00
CHI,SAC,L,2017-12-01 00:00:00
CLE,MEM,W,2017-12-02 00:00:00
DAL,LAC,W,2017-12-02 00:00:00
DEN,LAL,W,2017-12-02 00:00:00
BOS,PHX,W,2017-12-02 00:00:00
PHI,DET,W,2017-12-02 00:00:00
BKN,ATL,L,2017-12-02 00:00:00
POR,NOP,L,2017-12-02 00:00:00
MIL,SAC,W,2017-12-02 00:00:00
MIN,LAC,W,2017-12-03 00:00:00
NYK,ORL,L,2017-12-03 00:00:00
LAL,HOU,L,2017-12-03 00:00:00
MIA,GSW,L,2017-12-03 00:00:00
OKC,SAS,W,2017-12-03 00:00:00
MEM,MIN,W,2017-12-04 00:00:00
CHI,CLE,L,2017-12-04 00:00:00
ATL,BKN,L,2017-12-04 00:00:00
PHI,PHX,L,2017-12-04 00:00:00
IND,NYK,W,2017-12-04 00:00:00
DAL,DEN,W,2017-12-04 00:00:00
BOS,MIL,W,2017-12-04 00:00:00
SAS,DET,W,2017-12-04 00:00:00
CHA,ORL,W,2017-12-04 00:00:00
UTA,WAS,W,2017-12-04 00:00:00
NOP,GSW,L,2017-12-04 00:00:00
TOR,PHX,W,2017-12-05 00:00:00
POR,WAS,L,2017-12-05 00:00:00
OKC,UTA,W,2017-12-05 00:00:00
BOS,DAL,W,2017-12-06 00:00:00
LAC,MIN,L,2017-12-06 00:00:00
MIL,DET,W,2017-12-06 00:00:00
CHA,GSW,L,2017-12-06 00:00:00
NOP,DEN,W,2017-12-06 00:00:00
NYK,MEM,W,2017-12-06 00:00:00
IND,CHI,W,2017-12-06 00:00:00
CLE,SAC,W,2017-12-06 00:00:00
ORL,ATL,W,2017-12-06 00:00:00
SAS,MIA,W,2017-12-06 00:00:00
BKN,OKC,W,2017-12-07 00:00:00
PHI,LAL,L,2017-12-07 00:00:00
UTA,HOU,L,2017-12-07 00:00:00
PHX,WAS,L,2017-12-07 00:00:00
MEM,TOR,L,2017-12-08 00:00:00
IND,CLE,W,2017-12-08 00:00:00
DET,GSW,L,2017-12-08 00:00:00
MIL,DAL,W,2017-12-08 00:00:00
SAS,BOS,W,2017-12-08 00:00:00
CHA,CHI,L,2017-12-08 00:00:00
NOP,SAC,L,2017-12-08 00:00:00
ORL,DEN,L,2017-12-08 00:00:00
MIL,UTA,W,2017-12-09 00:00:00
CLE,PHI,W,2017-12-09 00:00:00
POR,HOU,L,2017-12-09 00:00:00
BKN,MIA,L,2017-12-09 00:00:00
CHI,NYK,W,2017-12-09 00:00:00
CHA,LAL,L,2017-12-09 00:00:00
LAC,WAS,W,2017-12-09 00:00:00
MEM,OKC,L,2017-12-09 00:00:00
ATL,ORL,W,2017-12-09 00:00:00
PHX,SAS,L,2017-12-09 00:00:00
DET,BOS,L,2017-12-10 00:00:00
NYK,ATL,W,2017-12-10 00:00:00
MIN,DAL,W,2017-12-10 00:00:00
SAC,TOR,L,2017-12-10 00:00:00
IND,DEN,W,2017-12-10 00:00:00
NOP,PHI,W,2017-12-10 00:00:00
MEM,MIA,L,2017-12-11 00:00:00
HOU,NOP,W,2017-12-11 00:00:00
OKC,CHA,L,2017-12-11 00:00:00
LAC,TOR,W,2017-12-11 00:00:00
GSW,POR,W,2017-12-11 00:00:00
CHI,BOS,W,2017-12-11 00:00:00
MIN,PHI,L,2017-12-12 00:00:00
CLE,ATL,W,2017-12-12 00:00:00
DAL,SAS,W,2017-12-12 00:00:00
DET,DEN,L,2017-12-12 00:00:00
NYK,LAL,W,2017-12-12 00:00:00
BKN,WAS,W,2017-12-12 00:00:00
SAC,PHX,W,2017-12-12 00:00:00
ORL,LAC,L,2017-12-13 00:00:00
IND,OKC,L,2017-12-13 00:00:00
HOU,CHA,W,2017-12-13 00:00:00
BOS,DEN,W,2017-12-13 00:00:00
CHI,UTA,W,2017-12-13 00:00:00
WAS,MEM,W,2017-12-13 00:00:00
PHX,TOR,L,2017-12-13 00:00:00
NOP,MIL,W,2017-12-13 00:00:00
MIA,POR,L,2017-12-13 00:00:00
CLE,LAL,W,2017-12-14 00:00:00
BKN,NYK,L,2017-12-14 00:00:00
ATL,DET,L,2017-12-14 00:00:00
MIN,SAC,W,2017-12-14 00:00:00
GSW,DAL,W,2017-12-14 00:00:00
WAS,LAC,W,2017-12-15 00:00:00
BOS,UTA,L,2017-12-15 00:00:00
TOR,BKN,W,2017-12-15 00:00:00
HOU,SAS,W,2017-12-15 00:00:00
IND,DET,L,2017-12-15 00:00:00
MEM,ATL,W,2017-12-15 00:00:00
MIL,CHI,L,2017-12-15 00:00:00
ORL,POR,L,2017-12-15 00:00:00
PHI,OKC,L,2017-12-15 00:00:00
DEN,NOP,W,2017-12-15 00:00:00
CHA,MIA,L,2017-12-15 00:00:00
CHA,POR,L,2017-12-16 00:00:00
NYK,OKC,W,2017-12-16 00:00:00
MIN,PHX,L,2017-12-16 00:00:00
CLE,UTA,W,2017-12-16 00:00:00
SAS,DAL,W,2017-12-16 00:00:00
HOU,MIL,W,2017-12-16 00:00:00
MIA,LAC,W,2017-12-16 00:00:00
MEM,BOS,L,2017-12-16 00:00:00
TOR,SAC,W,2017-12-17 00:00:00
DET,ORL,W,2017-12-17 00:00:00
BKN,IND,L,2017-12-17 00:00:00
WAS,CLE,L,2017-12-17 00:00:00
SAS,LAC,W,2017-12-18 00:00:00
ATL,MIA,W,2017-12-18 00:00:00
CHA,NYK,W,2017-12-18 00:00:00
MIN,POR,W,2017-12-18 00:00:00
CHI,PHI,W,2017-12-18 00:00:00
HOU,UTA,W,2017-12-18 00:00:00
OKC,DEN,W,2017-12-18 00:00:00
DAL,PHX,L,2017-12-18 00:00:00
LAL,GSW,L,2017-12-18 00:00:00
IND,BOS,L,2017-12-18 00:00:00
WAS,NOP,W,2017-12-19 00:00:00
PHI,SAC,L,2017-12-19 00:00:00
MIL,CLE,W,2017-12-19 00:00:00
HOU,LAL,L,2017-12-20 00:00:00
OKC,UTA,W,2017-12-20 00:00:00
DEN,MIN,L,2017-12-20 00:00:00
ATL,IND,L,2017-12-20 00:00:00
CHI,ORL,W,2017-12-20 00:00:00
BOS,MIA,L,2017-12-20 00:00:00
GSW,MEM,W,2017-12-20 00:00:00
BKN,SAC,L,2017-12-20 00:00:00
POR,SAS,L,2017-12-20 00:00:00
CHA,TOR,L,2017-12-20 00:00:00
LAC,PHX,W,2017-12-20 00:00:00
DAL,DET,W,2017-12-20 00:00:00
NYK,BOS,W,2017-12-21 00:00:00
PHX,MEM,W,2017-12-21 00:00:00
CLE,CHI,W,2017-12-21 00:00:00
PHI,TOR,L,2017-12-21 00:00:00
UTA,SAS,W,2017-12-21 00:00:00
OKC,ATL,W,2017-12-22 00:00:00
BKN,WAS,W,2017-12-22 00:00:00
DET,NYK,W,2017-12-22 00:00:00
ORL,NOP,L,2017-12-22 00:00:00
MIA,DAL,W,2017-12-22 00:00:00
GSW,LAL,W,2017-12-22 00:00:00
HOU,LAC,L,2017-12-22 00:00:00
MIL,CHA,W,2017-12-22 00:00:00
POR,DEN,L,2017-12-22 00:00:00
WAS,ORL,W,2017-12-23 00:00:00
LAL,POR,L,2017-12-23 00:00:00
GSW,DEN,L,2017-12-23 00:00:00
BOS,CHI,W,2017-12-23 00:00:00
TOR,PHI,W,2017-12-23 00:00:00
MIA,NOP,L,2017-12-23 00:00:00
IND,BKN,W,2017-12-23 00:00:00
MEM,LAC,W,2017-12-23 00:00:00
ATL,DAL,W,2017-12-23 00:00:00
CHA,MIL,W,2017-12-23 00:00:00
UTA,OKC,L,2017-12-23 00:00:00
SAC,SAS,L,2017-12-23 00:00:00
PHX,MIN,L,2017-12-23 00:00:00
GSW,CLE,W,2017-12-25 00:00:00
OKC,HOU,W,2017-12-25 00:00:00
LAL,MIN,L,2017-12-25 00:00:00
BOS,WAS,L,2017-12-25 00:00:00
NYK,PHI,L,2017-12-25 00:00:00
SAS,BKN,W,2017-12-26 00:00:00
DAL,TOR,W,2017-12-26 00:00:00
PHX,MEM,W,2017-12-26 00:00:00
MIL,CHI,L,2017-12-26 00:00:00
DEN,UTA,W,2017-12-26 00:00:00
MIA,ORL,W,2017-12-26 00:00:00
LAC,SAC,W,2017-12-26 00:00:00
DET,IND,W,2017-12-26 00:00:00
ATL,WAS,W,2017-12-27 00:00:00
IND,DAL,L,2017-12-27 00:00:00
OKC,TOR,W,2017-12-27 00:00:00
GSW,UTA,W,2017-12-27 00:00:00
CHI,NYK,W,2017-12-27 00:00:00
SAC,CLE,W,2017-12-27 00:00:00
NOP,BKN,W,2017-12-27 00:00:00
LAL,MEM,L,2017-12-27 00:00:00
CHA,BOS,L,2017-12-27 00:00:00
MIN,DEN,W,2017-12-27 00:00:00
SAS,NYK,W,2017-12-28 00:00:00
POR,PHI,W,2017-12-28 00:00:00
BOS,HOU,W,2017-12-28 00:00:00
MIL,MIN,W,2017-12-28 00:00:00
ORL,DET,W,2017-12-28 00:00:00
CHI,IND,W,2017-12-29 00:00:00
TOR,ATL,W,2017-12-29 00:00:00
GSW,CHA,L,2017-12-29 00:00:00
MIA,BKN,L,2017-12-29 00:00:00
OKC,MIL,L,2017-12-29 00:00:00
NOP,DAL,L,2017-12-29 00:00:00
WAS,HOU,W,2017-12-29 00:00:00
LAL,LAC,L,2017-12-29 00:00:00
SAC,PHX,L,2017-12-29 00:00:00
DEN,PHI,L,2017-12-30 00:00:00
NOP,NYK,L,2017-12-30 00:00:00
ORL,MIA,L,2017-12-30 00:00:00
UTA,CLE,W,2017-12-30 00:00:00
ATL,POR,W,2017-12-30 00:00:00
GSW,MEM,W,2017-12-30 00:00:00
DET,SAS,W,2017-12-30 00:00:00
PHX,PHI,L,2017-12-31 00:00:00
OKC,DAL,L,2017-12-31 00:00:00
SAC,MEM,L,2017-12-31 00:00:00
LAC,CHA,W,2017-12-31 00:00:00
IND,MIN,L,2017-12-31 00:00:00
WAS,CHI,W,2017-12-31 00:00:00
BOS,BKN,W,2017-12-31 00:00:00
HOU,LAL,W,2017-12-31 00:00:00
MIN,LAL,W,2018-01-01 00:00:00
CHI,POR,L,2018-01-01 00:00:00
TOR,MIL,W,2018-01-01 00:00:00
BKN,ORL,W,2018-01-01 00:00:00
NYK,SAS,L,2018-01-02 00:00:00
SAC,CHA,L,2018-01-02 00:00:00
LAC,MEM,W,2018-01-02 00:00:00
PHX,ATL,W,2018-01-02 00:00:00
CLE,POR,W,2018-01-02 00:00:00
BOS,CLE,W,2018-01-03 00:00:00
BKN,MIN,W,2018-01-03 00:00:00
DAL,GSW,L,2018-01-03 00:00:00
CHI,TOR,L,2018-01-03 00:00:00
UTA,NOP,L,2018-01-03 00:00:00
WAS,NYK,W,2018-01-03 00:00:00
DEN,PHX,W,2018-01-03 00:00:00
PHI,SAS,W,2018-01-03 00:00:00
ORL,HOU,L,2018-01-03 00:00:00
LAL,OKC,L,2018-01-03 00:00:00
MIL,IND,W,2018-01-03 00:00:00
MIA,DET,W,2018-01-03 00:00:00
LAC,OKC,L,2018-01-04 00:00:00
HOU,GSW,L,2018-01-04 00:00:00
PHI,DET,W,2018-01-05 00:00:00
DAL,CHI,L,2018-01-05 00:00:00
MIL,TOR,L,2018-01-05 00:00:00
POR,ATL,W,2018-01-05 00:00:00
LAL,CHA,L,2018-01-05 00:00:00
MIA,NYK,W,2018-01-05 00:00:00
MEM,WAS,L,2018-01-05 00:00:00
DEN,UTA,W,2018-01-05 00:00:00
BOS,MIN,W,2018-01-05 00:00:00
SAS,PHX,W,2018-01-05 00:00:00
BKN,BOS,L,2018-01-06 00:00:00
WAS,MIL,L,2018-01-06 00:00:00
DET,HOU,W,2018-01-06 00:00:00
LAC,GSW,L,2018-01-06 00:00:00
IND,CHI,W,2018-01-06 00:00:00
ORL,CLE,L,2018-01-06 00:00:00
SAC,DEN,W,2018-01-06 00:00:00
MIN,NOP,W,2018-01-06 00:00:00
DAL,NYK,L,2018-01-07 00:00:00
LAL,ATL,W,2018-01-07 00:00:00
POR,SAS,W,2018-01-07 00:00:00
MIA,UTA,W,2018-01-07 00:00:00
PHX,OKC,W,2018-01-07 00:00:00
BKN,TOR,L,2018-01-08 00:00:00
CHI,HOU,L,2018-01-08 00:00:00
SAC,SAS,L,2018-01-08 00:00:00
IND,MIL,W,2018-01-08 00:00:00
NOP,DET,W,2018-01-08 00:00:00
MIN,CLE,W,2018-01-08 00:00:00
GSW,DEN,W,2018-01-08 00:00:00
LAC,ATL,W,2018-01-08 00:00:00
DAL,ORL,W,2018-01-09 00:00:00
TOR,MIA,L,2018-01-09 00:00:00
LAL,SAC,W,2018-01-09 00:00:00
OKC,POR,L,2018-01-09 00:00:00
DEN,ATL,L,2018-01-10 00:00:00
MIL,ORL,W,2018-01-10 00:00:00
BKN,DET,L,2018-01-10 00:00:00
MEM,NOP,W,2018-01-10 00:00:00
GSW,LAC,L,2018-01-10 00:00:00
NYK,CHI,L,2018-01-10 00:00:00
WAS,UTA,L,2018-01-10 00:00:00
IND,MIA,L,2018-01-10 00:00:00
MIN,OKC,W,2018-01-10 00:00:00
HOU,POR,W,2018-01-10 00:00:00
CHA,DAL,L,2018-01-10 00:00:00
LAL,SAS,W,2018-01-11 00:00:00
PHI,BOS,L,2018-01-11 00:00:00
SAC,LAC,L,2018-01-11 00:00:00
TOR,CLE,W,2018-01-11 00:00:00
MIL,GSW,L,2018-01-12 00:00:00
MIN,NYK,W,2018-01-12 00:00:00
ATL,BKN,L,2018-01-12 00:00:00
NOP,POR,W,2018-01-12 00:00:00
IND,CLE,W,2018-01-12 00:00:00
CHA,UTA,W,2018-01-12 00:00:00
WAS,ORL,W,2018-01-12 00:00:00
DEN,MEM,W,2018-01-12 00:00:00
PHX,HOU,L,2018-01-12 00:00:00
TOR,GSW,L,2018-01-13 00:00:00
CHI,DET,W,2018-01-13 00:00:00
CHA,OKC,L,2018-01-13 00:00:00
LAC,SAC,W,2018-01-13 00:00:00
WAS,BKN,W,2018-01-13 00:00:00
DAL,LAL,L,2018-01-13 00:00:00
SAS,DEN,W,2018-01-13 00:00:00
MIA,MIL,W,2018-01-14 00:00:00
MIN,POR,W,2018-01-14 00:00:00
PHX,IND,L,2018-01-14 00:00:00
NYK,NOP,L,2018-01-14 00:00:00
ATL,SAS,W,2018-01-15 00:00:00
OKC,SAC,W,2018-01-15 00:00:00
LAC,HOU,W,2018-01-15 00:00:00
PHI,TOR,W,2018-01-15 00:00:00
UTA,IND,L,2018-01-15 00:00:00
WAS,MIL,L,2018-01-15 00:00:00
DET,CHA,L,2018-01-15 00:00:00
CLE,GSW,L,2018-01-15 00:00:00
BKN,NYK,L,2018-01-15 00:00:00
MEM,LAL,W,2018-01-15 00:00:00
CHI,MIA,W,2018-01-15 00:00:00
BOS,NOP,L,2018-01-16 00:00:00
POR,PHX,W,2018-01-16 00:00:00
ORL,MIN,W,2018-01-16 00:00:00
DEN,DAL,W,2018-01-16 00:00:00
LAC,DEN,W,2018-01-17 00:00:00
MEM,NYK,W,2018-01-17 00:00:00
BKN,SAS,L,2018-01-17 00:00:00
CHI,GSW,L,2018-01-17 00:00:00
TOR,DET,W,2018-01-17 00:00:00
SAC,UTA,L,2018-01-17 00:00:00
CHA,WAS,W,2018-01-17 00:00:00
ATL,NOP,W,2018-01-17 00:00:00
OKC,LAL,W,2018-01-17 00:00:00
MIL,MIA,L,2018-01-17 00:00:00
POR,IND,W,2018-01-18 00:00:00
CLE,ORL,W,2018-01-18 00:00:00
BOS,PHI,L,2018-01-18 00:00:00
HOU,MIN,W,2018-01-18 00:00:00
BKN,MIA,W,2018-01-19 00:00:00
MEM,SAC,W,2018-01-19 00:00:00
DET,WAS,L,2018-01-19 00:00:00
UTA,NYK,L,2018-01-19 00:00:00
DEN,PHX,L,2018-01-19 00:00:00
LAL,IND,W,2018-01-19 00:00:00
TOR,SAS,W,2018-01-19 00:00:00
PHI,MIL,W,2018-01-20 00:00:00
NOP,MEM,W,2018-01-20 00:00:00
CLE,OKC,L,2018-01-20 00:00:00
MIN,TOR,W,2018-01-20 00:00:00
CHA,MIA,L,2018-01-20 00:00:00
HOU,GSW,W,2018-01-20 00:00:00
POR,DAL,W,2018-01-20 00:00:00
ATL,CHI,L,2018-01-20 00:00:00
UTA,LAC,W,2018-01-20 00:00:00
LAL,NYK,W,2018-01-21 00:00:00
DET,BKN,L,2018-01-21 00:00:00
SAS,IND,L,2018-01-21 00:00:00
BOS,ORL,L,2018-01-21 00:00:00
NOP,CHI,W,2018-01-22 00:00:00
MIL,PHX,W,2018-01-22 00:00:00
DAL,WAS,W,2018-01-22 00:00:00
DEN,POR,W,2018-01-22 00:00:00
MEM,PHI,W,2018-01-22 00:00:00
HOU,MIA,W,2018-01-22 00:00:00
ATL,UTA,W,2018-01-22 00:00:00
CHA,SAC,W,2018-01-22 00:00:00
LAC,MIN,L,2018-01-22 00:00:00
OKC,BKN,W,2018-01-23 00:00:00
GSW,NYK,W,2018-01-23 00:00:00
LAL,BOS,W,2018-01-23 00:00:00
SAS,CLE,W,2018-01-23 00:00:00
ORL,SAC,L,2018-01-23 00:00:00
MEM,SAS,L,2018-01-24 00:00:00
IND,PHX,W,2018-01-24 00:00:00
POR,MIN,W,2018-01-24 00:00:00
DAL,HOU,L,2018-01-24 00:00:00
PHI,CHI,W,2018-01-24 00:00:00
LAC,BOS,L,2018-01-24 00:00:00
CHA,NOP,L,2018-01-24 00:00:00
ATL,TOR,L,2018-01-24 00:00:00
DET,UTA,L,2018-01-24 00:00:00
MIA,SAC,L,2018-01-25 00:00:00
GSW,MIN,W,2018-01-25 00:00:00
OKC,WAS,W,2018-01-25 00:00:00
DEN,NYK,W,2018-01-25 00:00:00
MEM,LAC,L,2018-01-26 00:00:00
PHX,NYK,L,2018-01-26 00:00:00
SAS,PHI,L,2018-01-26 00:00:00
CLE,IND,W,2018-01-26 00:00:00
NOP,HOU,W,2018-01-26 00:00:00
CHI,LAL,L,2018-01-26 00:00:00
MIL,BKN,W,2018-01-26 00:00:00
TOR,UTA,L,2018-01-26 00:00:00
DAL,POR,L,2018-01-26 00:00:00
CHA,ATL,W,2018-01-26 00:00:00
IND,ORL,W,2018-01-27 00:00:00
DEN,DAL,W,2018-01-27 00:00:00
DET,OKC,L,2018-01-27 00:00:00
ATL,WAS,L,2018-01-27 00:00:00
GSW,BOS,W,2018-01-27 00:00:00
MIN,BKN,W,2018-01-27 00:00:00
MIA,CHA,W,2018-01-27 00:00:00
OKC,PHI,W,2018-01-28 00:00:00
TOR,LAL,W,2018-01-28 00:00:00
HOU,PHX,W,2018-01-28 00:00:00
SAS,SAC,W,2018-01-28 00:00:00
CHI,MIL,L,2018-01-28 00:00:00
CLE,DET,W,2018-01-28 00:00:00
NOP,LAC,L,2018-01-28 00:00:00
DAL,MIA,L,2018-01-29 00:00:00
MEM,PHX,W,2018-01-29 00:00:00
ATL,MIN,W,2018-01-29 00:00:00
DEN,BOS,L,2018-01-29 00:00:00
MIL,PHI,W,2018-01-29 00:00:00
IND,CHA,W,2018-01-29 00:00:00
HOU,ORL,W,2018-01-30 00:00:00
UTA,GSW,W,2018-01-30 00:00:00
DET,CLE,W,2018-01-30 00:00:00
NYK,BKN,W,2018-01-30 00:00:00
LAC,POR,L,2018-01-30 00:00:00
SAS,DEN,W,2018-01-30 00:00:00
NOP,SAC,L,2018-01-30 00:00:00
TOR,MIN,W,2018-01-30 00:00:00
WAS,OKC,W,2018-01-30 00:00:00
PHX,DAL,W,2018-01-31 00:00:00
BOS,NYK,W,2018-01-31 00:00:00
ATL,CHA,L,2018-01-31 00:00:00
IND,MEM,W,2018-01-31 00:00:00
ORL,LAL,W,2018-01-31 00:00:00
CLE,MIA,W,2018-01-31 00:00:00
POR,CHI,W,2018-01-31 00:00:00
BKN,PHI,W,2018-01-31 00:00:00
DEN,OKC,W,2018-02-01 00:00:00
SAS,HOU,L,2018-02-01 00:00:00
WAS,TOR,W,2018-02-01 00:00:00
DET,MEM,W,2018-02-01 00:00:00
MIN,MIL,W,2018-02-01 00:00:00
BOS,ATL,W,2018-02-02 00:00:00
BKN,LAL,L,2018-02-02 00:00:00
PHX,UTA,L,2018-02-02 00:00:00
PHI,MIA,W,2018-02-02 00:00:00
MIL,NYK,W,2018-02-02 00:00:00
CHA,IND,W,2018-02-02 00:00:00
SAC,GSW,L,2018-02-02 00:00:00
OKC,NOP,L,2018-02-02 00:00:00
TOR,POR,W,2018-02-02 00:00:00
DET,MIA,W,2018-02-03 00:00:00
IND,PHI,W,2018-02-03 00:00:00
CLE,HOU,L,2018-02-03 00:00:00
DEN,GSW,W,2018-02-03 00:00:00
MIN,NOP,W,2018-02-03 00:00:00
SAC,DAL,L,2018-02-03 00:00:00
ORL,WAS,L,2018-02-03 00:00:00
SAS,UTA,L,2018-02-03 00:00:00
LAC,CHI,W,2018-02-03 00:00:00
BKN,MIL,L,2018-02-04 00:00:00
TOR,MEM,W,2018-02-04 00:00:00
NYK,ATL,L,2018-02-04 00:00:00
OKC,LAL,L,2018-02-04 00:00:00
PHX,CHA,L,2018-02-04 00:00:00
BOS,POR,W,2018-02-04 00:00:00
DET,POR,W,2018-02-05 00:00:00
MIA,ORL,L,2018-02-05 00:00:00
LAC,DAL,W,2018-02-05 00:00:00
DEN,CHA,W,2018-02-05 00:00:00
SAC,CHI,W,2018-02-05 00:00:00
IND,WAS,L,2018-02-05 00:00:00
NOP,UTA,L,2018-02-05 00:00:00
ORL,CLE,W,2018-02-06 00:00:00
TOR,BOS,W,2018-02-06 00:00:00
BKN,HOU,L,2018-02-06 00:00:00
PHI,WAS,W,2018-02-06 00:00:00
LAL,PHX,W,2018-02-06 00:00:00
NYK,MIL,L,2018-02-06 00:00:00
GSW,OKC,L,2018-02-06 00:00:00
ATL,MEM,W,2018-02-06 00:00:00
MEM,UTA,L,2018-02-07 00:00:00
DET,BKN,W,2018-02-07 00:00:00
CLE,MIN,W,2018-02-07 00:00:00
MIA,HOU,L,2018-02-07 00:00:00
PHX,SAS,L,2018-02-07 00:00:00
GSW,DAL,W,2018-02-08 00:00:00
TOR,NYK,W,2018-02-08 00:00:00
ORL,ATL,W,2018-02-08 00:00:00
POR,CHA,W,2018-02-08 00:00:00
WAS,BOS,L,2018-02-08 00:00:00
LAL,OKC,W,2018-02-08 00:00:00
HOU,DEN,W,2018-02-09 00:00:00
DET,LAC,L,2018-02-09 00:00:00
PHI,NOP,W,2018-02-09 00:00:00
BOS,IND,L,2018-02-09 00:00:00
ATL,CLE,L,2018-02-09 00:00:00
UTA,CHA,W,2018-02-09 00:00:00
CHI,MIN,W,2018-02-09 00:00:00
MIA,MIL,W,2018-02-09 00:00:00
SAC,POR,L,2018-02-09 00:00:00
BKN,NOP,L,2018-02-10 00:00:00
GSW,SAS,W,2018-02-10 00:00:00
PHX,DEN,L,2018-02-10 00:00:00
DAL,LAL,W,2018-02-10 00:00:00
CHI,WAS,L,2018-02-10 00:00:00
PHI,LAC,W,2018-02-10 00:00:00
ORL,MIL,L,2018-02-10 00:00:00
HOU,DAL,W,2018-02-11 00:00:00
MIN,SAC,W,2018-02-11 00:00:00
IND,NYK,W,2018-02-11 00:00:00
OKC,MEM,W,2018-02-11 00:00:00
BOS,CLE,L,2018-02-11 00:00:00
CHA,TOR,L,2018-02-11 00:00:00
ATL,DET,W,2018-02-11 00:00:00
POR,UTA,L,2018-02-11 00:00:00
BKN,LAC,L,2018-02-12 00:00:00
PHI,NYK,W,2018-02-12 00:00:00
CHI,ORL,W,2018-02-12 00:00:00
GSW,PHX,W,2018-02-12 00:00:00
DET,NOP,L,2018-02-12 00:00:00
UTA,SAS,W,2018-02-12 00:00:00
MIL,ATL,W,2018-02-13 00:00:00
TOR,MIA,W,2018-02-13 00:00:00
DAL,SAC,L,2018-02-13 00:00:00
DEN,SAS,W,2018-02-13 00:00:00
MIN,HOU,L,2018-02-13 00:00:00
OKC,CLE,L,2018-02-13 00:00:00
POR,GSW,W,2018-02-14 00:00:00
BOS,LAC,L,2018-02-14 00:00:00
UTA,PHX,W,2018-02-14 00:00:00
DET,ATL,W,2018-02-14 00:00:00
HOU,SAC,W,2018-02-14 00:00:00
MEM,OKC,L,2018-02-14 00:00:00
CHI,TOR,L,2018-02-14 00:00:00
NOP,LAL,W,2018-02-14 00:00:00
NYK,WAS,L,2018-02-14 00:00:00
PHI,MIA,W,2018-02-14 00:00:00
ORL,CHA,L,2018-02-14 00:00:00
BKN,IND,L,2018-02-14 00:00:00
MIN,LAL,W,2018-02-15 00:00:00
MIL,DEN,L,2018-02-15 00:00:00
ORL,NYK,L,2018-02-22 00:00:00
GSW,LAC,W,2018-02-22 00:00:00
CLE,WAS,L,2018-02-22 00:00:00
SAC,OKC,L,2018-02-22 00:00:00
CHA,BKN,W,2018-02-22 00:00:00
CHI,PHI,L,2018-02-22 00:00:00
HOU,MIN,W,2018-02-23 00:00:00
PHX,LAC,L,2018-02-23 00:00:00
WAS,CHA,L,2018-02-23 00:00:00
DET,BOS,L,2018-02-23 00:00:00
UTA,POR,L,2018-02-23 00:00:00
DEN,SAS,W,2018-02-23 00:00:00
NOP,MIA,W,2018-02-23 00:00:00
IND,ATL,W,2018-02-23 00:00:00
TOR,MIL,L,2018-02-23 00:00:00
MEM,CLE,L,2018-02-23 00:00:00
LAL,DAL,W,2018-02-23 00:00:00
PHX,POR,L,2018-02-24 00:00:00
NYK,BOS,L,2018-02-24 00:00:00
GSW,OKC,W,2018-02-24 00:00:00
PHI,ORL,W,2018-02-24 00:00:00
SAC,LAL,L,2018-02-24 00:00:00
MIN,CHI,W,2018-02-24 00:00:00
MIA,MEM,W,2018-02-24 00:00:00
UTA,DAL,W,2018-02-24 00:00:00
CHA,DET,W,2018-02-25 00:00:00
WAS,PHI,W,2018-02-25 00:00:00
CLE,SAS,L,2018-02-25 00:00:00
MIL,NOP,L,2018-02-25 00:00:00
DEN,HOU,L,2018-02-25 00:00:00
TOR,DET,W,2018-02-26 00:00:00
BKN,CHI,W,2018-02-26 00:00:00
BOS,MEM,W,2018-02-26 00:00:00
ATL,LAL,L,2018-02-26 00:00:00
DAL,IND,W,2018-02-26 00:00:00
OKC,ORL,W,2018-02-26 00:00:00
NYK,GSW,L,2018-02-26 00:00:00
SAC,MIN,L,2018-02-26 00:00:00
NOP,PHX,W,2018-02-26 00:00:00
UTA,HOU,L,2018-02-26 00:00:00
CHA,CHI,W,2018-02-27 00:00:00
CLE,BKN,W,2018-02-27 00:00:00
MIL,WAS,L,2018-02-27 00:00:00
POR,SAC,W,2018-02-27 00:00:00
MIA,PHI,W,2018-02-27 00:00:00
DEN,LAC,L,2018-02-27 00:00:00
ATL,IND,W,2018-02-28 00:00:00
SAS,NOP,L,2018-02-28 00:00:00
ORL,TOR,L,2018-02-28 00:00:00
BOS,CHA,W,2018-02-28 00:00:00
LAC,HOU,L,2018-02-28 00:00:00
DET,MIL,W,2018-02-28 00:00:00
MEM,PHX,L,2018-02-28 00:00:00
WAS,GSW,L,2018-02-28 00:00:00
DAL,OKC,L,2018-02-28 00:00:00
CLE,PHI,L,2018-03-01 00:00:00
POR,MIN,W,2018-03-01 00:00:00
MIA,LAL,L,2018-03-01 00:00:00
SAC,BKN,W,2018-03-01 00:00:00
PHI,CHA,W,2018-03-02 00:00:00
MEM,DEN,L,2018-03-02 00:00:00
ATL,GSW,L,2018-03-02 00:00:00
UTA,MIN,W,2018-03-02 00:00:00
LAC,NYK,W,2018-03-02 00:00:00
WAS,TOR,L,2018-03-02 00:00:00
PHX,OKC,L,2018-03-02 00:00:00
CHI,DAL,W,2018-03-02 00:00:00
MIL,IND,L,2018-03-02 00:00:00
ORL,DET,W,2018-03-02 00:00:00
MIA,DET,W,2018-03-03 00:00:00
CLE,DEN,L,2018-03-03 00:00:00
ORL,MEM,W,2018-03-03 00:00:00
HOU,BOS,W,2018-03-03 00:00:00
SAS,LAL,L,2018-03-03 00:00:00
POR,OKC,W,2018-03-03 00:00:00
SAC,UTA,L,2018-03-03 00:00:00
WAS,IND,L,2018-03-04 00:00:00
SAC,NYK,W,2018-03-04 00:00:00
MIL,PHI,W,2018-03-04 00:00:00
LAC,BKN,W,2018-03-04 00:00:00
DAL,NOP,L,2018-03-04 00:00:00
ATL,PHX,W,2018-03-04 00:00:00
TOR,CHA,W,2018-03-04 00:00:00
CHI,BOS,L,2018-03-05 00:00:00
IND,MIL,W,2018-03-05 00:00:00
UTA,ORL,W,2018-03-05 00:00:00
MIA,PHX,W,2018-03-05 00:00:00
SAS,MEM,W,2018-03-05 00:00:00
LAL,POR,L,2018-03-05 00:00:00
CLE,DET,W,2018-03-05 00:00:00
WAS,MIA,W,2018-03-06 00:00:00
OKC,HOU,L,2018-03-06 00:00:00
GSW,BKN,W,2018-03-06 00:00:00
TOR,ATL,W,2018-03-06 00:00:00
DAL,DEN,W,2018-03-06 00:00:00
POR,NYK,W,2018-03-06 00:00:00
CHA,PHI,L,2018-03-06 00:00:00
LAC,NOP,L,2018-03-06 00:00:00
DEN,CLE,L,2018-03-07 00:00:00
IND,UTA,L,2018-03-07 00:00:00
CHI,MEM,W,2018-03-07 00:00:00
DET,TOR,L,2018-03-07 00:00:00
MIL,HOU,L,2018-03-07 00:00:00
LAL,ORL,W,2018-03-07 00:00:00
SAC,NOP,L,2018-03-07 00:00:00
CHA,BKN,L,2018-03-08 00:00:00
GSW,SAS,W,2018-03-08 00:00:00
MIA,PHI,W,2018-03-08 00:00:00
OKC,PHX,W,2018-03-08 00:00:00
MIN,BOS,L,2018-03-08 00:00:00
IND,ATL,W,2018-03-09 00:00:00
NOP,WAS,L,2018-03-09 00:00:00
POR,GSW,W,2018-03-09 00:00:00
DET,CHI,W,2018-03-09 00:00:00
MEM,UTA,L,2018-03-09 00:00:00
LAC,CLE,W,2018-03-09 00:00:00
DEN,LAL,W,2018-03-09 00:00:00
MIL,NYK,W,2018-03-09 00:00:00
TOR,HOU,W,2018-03-09 00:00:00
SAC,ORL,W,2018-03-09 00:00:00
LAC,ORL,W,2018-03-10 00:00:00
DAL,MEM,W,2018-03-10 00:00:00
CHA,PHX,W,2018-03-10 00:00:00
MIA,WAS,W,2018-03-10 00:00:00
OKC,SAS,W,2018-03-10 00:00:00
NYK,TOR,L,2018-03-11 00:00:00
BOS,IND,L,2018-03-11 00:00:00
DAL,HOU,L,2018-03-11 00:00:00
DEN,SAC,W,2018-03-11 00:00:00
NOP,UTA,L,2018-03-11 00:00:00
LAL,CLE,W,2018-03-11 00:00:00
BKN,PHI,L,2018-03-11 00:00:00
MIN,GSW,W,2018-03-11 00:00:00
ATL,CHI,L,2018-03-11 00:00:00
HOU,SAS,W,2018-03-12 00:00:00
OKC,SAC,W,2018-03-12 00:00:00
POR,MIA,W,2018-03-12 00:00:00
MEM,MIL,L,2018-03-12 00:00:00
SAS,ORL,W,2018-03-13 00:00:00
ATL,OKC,L,2018-03-13 00:00:00
NOP,CHA,W,2018-03-13 00:00:00
NYK,DAL,L,2018-03-13 00:00:00
WAS,MIN,L,2018-03-13 00:00:00
CHI,LAC,L,2018-03-13 00:00:00
PHX,CLE,L,2018-03-13 00:00:00
UTA,DET,W,2018-03-13 00:00:00
PHI,IND,L,2018-03-13 00:00:00
LAL,DEN,W,2018-03-13 00:00:00
BKN,TOR,L,2018-03-13 00:00:00
BOS,WAS,L,2018-03-14 00:00:00
SAC,MIA,W,2018-03-14 00:00:00
GSW,LAL,W,2018-03-14 00:00:00
ORL,MIL,W,2018-03-14 00:00:00
ATL,CHA,L,2018-03-15 00:00:00
SAS,NOP,W,2018-03-15 00:00:00
UTA,PHX,W,2018-03-15 00:00:00
DEN,DET,W,2018-03-15 00:00:00
IND,TOR,L,2018-03-15 00:00:00
POR,CLE,W,2018-03-15 00:00:00
HOU,LAC,W,2018-03-15 00:00:00
NYK,PHI,L,2018-03-15 00:00:00
MEM,CHI,L,2018-03-15 00:00:00
LAL,MIA,L,2018-03-16 00:00:00
ORL,BOS,L,2018-03-16 00:00:00
TOR,DAL,W,2018-03-16 00:00:00
PHI,BKN,W,2018-03-16 00:00:00
GSW,SAC,L,2018-03-16 00:00:00
OKC,LAC,W,2018-03-16 00:00:00
NOP,HOU,L,2018-03-17 00:00:00
BKN,DAL,W,2018-03-17 00:00:00
PHX,GSW,L,2018-03-17 00:00:00
MIL,ATL,W,2018-03-17 00:00:00
SAS,MIN,W,2018-03-17 00:00:00
NYK,CHA,W,2018-03-17 00:00:00
UTA,SAC,W,2018-03-17 00:00:00
POR,DET,W,2018-03-17 00:00:00
MEM,DEN,W,2018-03-17 00:00:00
CHI,CLE,L,2018-03-17 00:00:00
WAS,IND,W,2018-03-17 00:00:00
NOP,BOS,W,2018-03-18 00:00:00
TOR,OKC,L,2018-03-18 00:00:00
MIN,HOU,L,2018-03-18 00:00:00
LAC,POR,L,2018-03-18 00:00:00
BKN,MEM,W,2018-03-19 00:00:00
MIA,DEN,W,2018-03-19 00:00:00
SAS,GSW,W,2018-03-19 00:00:00
PHI,CHA,W,2018-03-19 00:00:00
SAC,DET,L,2018-03-19 00:00:00
NYK,CHI,W,2018-03-19 00:00:00
CLE,MIL,W,2018-03-19 00:00:00
IND,LAL,W,2018-03-19 00:00:00
MIN,LAC,W,2018-03-20 00:00:00
PHX,DET,L,2018-03-20 00:00:00
ORL,TOR,L,2018-03-20 00:00:00
NOP,DAL,W,2018-03-20 00:00:00
UTA,ATL,L,2018-03-20 00:00:00
POR,HOU,L,2018-03-20 00:00:00
BOS,OKC,W,2018-03-20 00:00:00
PHI,MEM,W,2018-03-21 00:00:00
NOP,IND,W,2018-03-21 00:00:00
CLE,TOR,W,2018-03-21 00:00:00
CHI,DEN,L,2018-03-21 00:00:00
MIL,LAC,L,2018-03-21 00:00:00
MIA,NYK,W,2018-03-21 00:00:00
BKN,CHA,L,2018-03-21 00:00:00
SAS,WAS,W,2018-03-21 00:00:00
CHA,MEM,W,2018-03-22 00:00:00
HOU,DET,W,2018-03-22 00:00:00
SAC,ATL,W,2018-03-22 00:00:00
DAL,UTA,L,2018-03-22 00:00:00
NOP,LAL,W,2018-03-22 00:00:00
ORL,PHI,L,2018-03-22 00:00:00
OKC,MIA,W,2018-03-23 00:00:00
POR,BOS,L,2018-03-23 00:00:00
IND,LAC,W,2018-03-23 00:00:00
WAS,DEN,L,2018-03-23 00:00:00
NYK,MIN,L,2018-03-23 00:00:00
GSW,ATL,W,2018-03-23 00:00:00
TOR,BKN,W,2018-03-23 00:00:00
CHI,MIL,L,2018-03-23 00:00:00
SAS,UTA,W,2018-03-23 00:00:00
CLE,PHX,W,2018-03-23 00:00:00
MEM,LAL,L,2018-03-24 00:00:00
DET,CHI,W,2018-03-24 00:00:00
DAL,CHA,L,2018-03-24 00:00:00
PHI,MIN,W,2018-03-24 00:00:00
ORL,PHX,W,2018-03-24 00:00:00
HOU,NOP,W,2018-03-24 00:00:00
TOR,LAC,L,2018-03-25 00:00:00
WAS,NYK,L,2018-03-25 00:00:00
GSW,UTA,L,2018-03-25 00:00:00
OKC,POR,L,2018-03-25 00:00:00
SAC,BOS,L,2018-03-25 00:00:00
HOU,ATL,W,2018-03-25 00:00:00
IND,MIA,W,2018-03-25 00:00:00
BKN,CLE,L,2018-03-25 00:00:00
MIL,SAS,W,2018-03-25 00:00:00
DET,LAL,W,2018-03-26 00:00:00
PHX,BOS,L,2018-03-26 00:00:00
MIN,MEM,L,2018-03-26 00:00:00
PHI,DEN,W,2018-03-26 00:00:00
CHA,NYK,W,2018-03-26 00:00:00
SAC,DAL,L,2018-03-27 00:00:00
NOP,POR,L,2018-03-27 00:00:00
MIA,CLE,W,2018-03-27 00:00:00
TOR,DEN,W,2018-03-27 00:00:00
WAS,SAS,W,2018-03-27 00:00:00
LAC,MIL,W,2018-03-27 00:00:00
GSW,IND,L,2018-03-27 00:00:00
HOU,CHI,W,2018-03-27 00:00:00
PHX,LAC,L,2018-03-28 00:00:00
PHI,NYK,W,2018-03-28 00:00:00
ORL,BKN,L,2018-03-28 00:00:00
LAL,DAL,W,2018-03-28 00:00:00
CHA,CLE,L,2018-03-28 00:00:00
MEM,POR,W,2018-03-28 00:00:00
UTA,BOS,L,2018-03-28 00:00:00
MIN,ATL,W,2018-03-28 00:00:00
SAS,OKC,W,2018-03-29 00:00:00
GSW,MIL,L,2018-03-29 00:00:00
SAC,IND,L,2018-03-29 00:00:00
DET,WAS,W,2018-03-29 00:00:00
MIA,CHI,W,2018-03-29 00:00:00
ORL,CHI,L,2018-03-30 00:00:00
CLE,NOP,W,2018-03-30 00:00:00
UTA,MEM,W,2018-03-30 00:00:00
HOU,PHX,W,2018-03-30 00:00:00
LAL,MIL,L,2018-03-30 00:00:00
ATL,PHI,L,2018-03-30 00:00:00
OKC,DEN,L,2018-03-30 00:00:00
DAL,MIN,L,2018-03-30 00:00:00
POR,LAC,W,2018-03-30 00:00:00
WAS,CHA,W,2018-03-31 00:00:00
SAC,GSW,L,2018-03-31 00:00:00
MIA,BKN,L,2018-03-31 00:00:00
NYK,DET,L,2018-03-31 00:00:00
BOS,TOR,W,2018-03-31 00:00:00
ATL,ORL,W,2018-04-01 00:00:00
DEN,MIL,W,2018-04-01 00:00:00
CHA,PHI,L,2018-04-01 00:00:00
POR,MEM,W,2018-04-01 00:00:00
CLE,DAL,W,2018-04-01 00:00:00
BKN,DET,L,2018-04-01 00:00:00
LAC,IND,L,2018-04-01 00:00:00
CHI,WAS,W,2018-04-01 00:00:00
NOP,OKC,L,2018-04-01 00:00:00
MIN,UTA,L,2018-04-01 00:00:00
LAL,SAC,L,2018-04-01 00:00:00
GSW,PHX,W,2018-04-01 00:00:00
SAS,HOU,W,2018-04-01 00:00:00
PHI,BKN,W,2018-04-03 00:00:00
UTA,LAL,W,2018-04-03 00:00:00
NYK,ORL,L,2018-04-03 00:00:00
MIL,BOS,W,2018-04-03 00:00:00
HOU,WAS,W,2018-04-03 00:00:00
MIA,ATL,W,2018-04-03 00:00:00
PHX,SAC,W,2018-04-03 00:00:00
CLE,TOR,W,2018-04-03 00:00:00
DEN,IND,W,2018-04-03 00:00:00
CHI,CHA,W,2018-04-03 00:00:00
LAC,SAS,W,2018-04-03 00:00:00
OKC,GSW,L,2018-04-03 00:00:00
DAL,POR,W,2018-04-03 00:00:00
TOR,BOS,W,2018-04-04 00:00:00
NOP,MEM,W,2018-04-04 00:00:00
ATL,MIA,L,2018-04-04 00:00:00
ORL,DAL,W,2018-04-04 00:00:00
DET,PHI,L,2018-04-04 00:00:00
LAL,SAS,W,2018-04-04 00:00:00
DEN,MIN,W,2018-04-05 00:00:00
UTA,LAC,W,2018-04-05 00:00:00
CLE,WAS,W,2018-04-05 00:00:00
MIL,BKN,L,2018-04-05 00:00:00
HOU,POR,W,2018-04-05 00:00:00
IND,GSW,W,2018-04-05 00:00:00
WAS,ATL,L,2018-04-06 00:00:00
TOR,IND,W,2018-04-06 00:00:00
ORL,CHA,L,2018-04-06 00:00:00
LAL,MIN,L,2018-04-06 00:00:00
BOS,CHI,W,2018-04-06 00:00:00
DET,DAL,W,2018-04-06 00:00:00
MEM,SAC,L,2018-04-06 00:00:00
PHX,NOP,L,2018-04-06 00:00:00
NYK,MIA,W,2018-04-06 00:00:00
PHI,CLE,W,2018-04-06 00:00:00
NYK,MIL,L,2018-04-07 00:00:00
SAS,POR,W,2018-04-07 00:00:00
HOU,OKC,L,2018-04-07 00:00:00
LAC,DEN,L,2018-04-07 00:00:00
CHI,BKN,L,2018-04-07 00:00:00
GSW,NOP,L,2018-04-07 00:00:00
TOR,ORL,W,2018-04-08 00:00:00
BOS,ATL,L,2018-04-08 00:00:00
PHX,GSW,L,2018-04-08 00:00:00
PHI,DAL,W,2018-04-08 00:00:00
MEM,DET,W,2018-04-08 00:00:00
CHA,IND,L,2018-04-08 00:00:00
LAL,UTA,L,2018-04-08 00:00:00
DEN,POR,W,2018-04-09 00:00:00
LAC,NOP,L,2018-04-09 00:00:00
DET,TOR,L,2018-04-09 00:00:00
NYK,CLE,L,2018-04-09 00:00:00
MIN,MEM,W,2018-04-09 00:00:00
MIA,OKC,L,2018-04-09 00:00:00
MIL,ORL,W,2018-04-09 00:00:00
BKN,CHI,W,2018-04-09 00:00:00
SAS,SAC,W,2018-04-09 00:00:00
DAL,PHX,L,2018-04-10 00:00:00
IND,CHA,L,2018-04-10 00:00:00
LAL,HOU,L,2018-04-10 00:00:00
ATL,PHI,L,2018-04-10 00:00:00
WAS,BOS,W,2018-04-10 00:00:00
UTA,GSW,W,2018-04-10 00:00:00
MIA,TOR,W,2018-04-11 00:00:00
NOP,SAS,W,2018-04-11 00:00:00
CLE,NYK,L,2018-04-11 00:00:00
PHI,MIL,W,2018-04-11 00:00:00
MIN,DEN,W,2018-04-11 00:00:00
SAC,HOU,W,2018-04-11 00:00:00
LAC,LAL,L,2018-04-11 00:00:00
POR,UTA,W,2018-04-11 00:00:00
CHI,DET,L,2018-04-11 00:00:00
ORL,WAS,W,2018-04-11 00:00:00
OKC,MEM,W,2018-04-11 00:00:00
BOS,BKN,W,2018-04-11 00:00:00
