home_idx,away_idx,margin,season
0,8,-7.0,2015
9,18,21.0,2015
4,5,7.0,2015
2,22,22.0,2015
15,3,15.0,2015
25,12,-2.0,2015
23,6,-11.0,2015
14,5,-25.0,2015
13,17,4.0,2015
21,29,4.0,2015
8,28,10.0,2015
10,7,-15.0,2015
16,19,-20.0,2015
24,18,23.0,2015
1,4,-10.0,2015
20,26,11.0,2015
27,11,12.0,2015
12,6,21.0,2015
11,14,-4.0,2015
19,0,-6.0,2015
23,24,23.0,2015
10,9,-15.0,2015
16,29,0.0,2015
8,4,9.0,2015
5,15,15.0,2015
2,27,-5.0,2015
26,1,30.0,2015
0,3,8.0,2015
7,17,-12.0,2015
22,28,-23.0,2015
21,20,2.0,2015
25,13,23.0,2015
24,23,-6.0,2015
12,25,10.0,2015
11,28,-16.0,2015
29,19,-2.0,2015
18,9,-9.0,2015
14,1,15.0,2015
4,21,10.0,2015
27,16,24.0,2015
13,6,-5.0,2015
20,7,29.0,2015
15,10,25.0,2015
2,26,-3.0,2015
3,0,3.0,2015
17,24,0.0,2015
10,20,10.0,2015
9,14,30.0,2015
12,23,11.0,2015
1,16,-2.0,2015
22,5,-2.0,2015
19,26,-5.0,2015
18,21,-4.0,2015
25,14,-9.0,2015
3,4,30.0,2015
8,11,-7.0,2015
6,27,-6.0,2015
15,0,-1.0,2015
13,7,-6.0,2015
16,22,9.0,2015
9,12,9.0,2015
28,24,-11.0,2015
29,26,8.0,2015
23,25,26.0,2015
5,19,15.0,2015
10,21,10.0,2015
11,2,7.0,2015
20,27,0.0,2015
0,1,19.0,2015
4,20,11.0,2015
7,28,-7.0,2015
17,15,-7.0,2015
24,14,24.0,2015
6,3,-9.0,2015
25,10,-1.0,2015
9,7,20.0,2015
23,8,-3.0,2015
11,15,8.0,2015
19,16,-2.0,2015
1,13,-1.0,2015
5,22,11.0,2015
18,0,-1.0,2015
21,27,10.0,2015
2,29,25.0,2015
4,17,-4.0,2015
6,18,14.0,2015
16,1,13.0,2015
0,29,20.0,2015
25,9,-4.0,2015
12,10,1.0,2015
22,21,-3.0,2015
28,14,15.0,2015
26,3,25.0,2015
19,13,9.0,2015
15,27,25.0,2015
20,23,26.0,2015
5,11,9.0,2015
24,8,-12.0,2015
0,17,-5.0,2015
7,24,9.0,2015
9,8,19.0,2015
25,26,-13.0,2015
12,14,7.0,2015
22,4,-18.0,2015
11,21,18.0,2015
18,6,20.0,2015
29,20,-19.0,2015
5,28,9.0,2015
17,3,-4.0,2015
15,13,18.0,2015
27,19,3.0,2015
16,2,-11.0,2015
24,26,-7.0,2015
25,8,14.0,2015
3,19,7.0,2015
14,9,-11.0,2015
7,16,6.0,2015
21,13,7.0,2015
10,1,-3.0,2015
6,12,15.0,2015
0,18,13.0,2015
2,11,-6.0,2015
22,27,-11.0,2015
23,12,19.0,2015
15,28,6.0,2015
17,9,-8.0,2015
20,22,22.0,2015
4,3,10.0,2015
7,10,14.0,2015
6,13,13.0,2015
19,5,-1.0,2015
14,24,6.0,2015
2,0,18.0,2015
21,28,14.0,2015
11,17,9.0,2015
25,1,7.0,2015
27,18,24.0,2015
9,1,13.0,2015
12,8,10.0,2015
26,22,14.0,2015
23,7,29.0,2015
10,6,-7.0,2015
29,21,14.0,2015
16,5,8.0,2015
25,27,11.0,2015
19,18,13.0,2015
3,24,17.0,2015
17,14,-3.0,2015
0,28,4.0,2015
13,8,17.0,2015
20,2,-10.0,2015
23,13,24.0,2015
10,2,-11.0,2015
14,20,13.0,2015
22,6,-1.0,2015
4,11,6.0,2015
26,24,18.0,2015
1,0,7.0,2015
29,16,30.0,2015
18,7,-12.0,2015
19,3,13.0,2015
15,17,-7.0,2015
9,27,10.0,2015
8,5,10.0,2015
2,6,1.0,2015
0,25,11.0,2015
22,11,-22.0,2015
10,24,10.0,2015
20,18,12.0,2015
28,27,9.0,2015
23,4,-1.0,2015
3,1,10.0,2015
21,17,8.0,2015
26,7,16.0,2015
12,9,-2.0,2015
5,16,20.0,2015
15,25,12.0,2015
13,27,-6.0,2015
3,22,30.0,2015
18,26,19.0,2015
17,8,-5.0,2015
20,19,2.0,2015
7,23,-2.0,2015
6,28,14.0,2015
14,10,17.0,2015
24,12,16.0,2015
9,4,17.0,2015
2,1,30.0,2015
15,22,10.0,2015
5,0,17.0,2015
10,19,0.0,2015
21,25,-1.0,2015
8,29,3.0,2015
26,14,15.0,2015
11,16,30.0,2015
1,2,15.0,2015
7,9,-8.0,2015
20,6,8.0,2015
13,24,-9.0,2015
18,23,11.0,2015
12,27,-6.0,2015
26,23,19.0,2015
15,19,22.0,2015
16,8,26.0,2015
5,21,19.0,2015
17,22,10.0,2015
28,20,-17.0,2015
3,25,10.0,2015
14,6,19.0,2015
24,4,0.0,2015
7,12,-12.0,2015
29,11,-12.0,2015
9,13,30.0,2015
0,2,29.0,2015
27,5,9.0,2015
8,15,28.0,2015
3,29,19.0,2015
23,18,-1.0,2015
12,28,-6.0,2015
17,0,9.0,2015
21,19,14.0,2015
2,22,9.0,2015
10,14,-4.0,2015
20,1,16.0,2015
26,6,10.0,2015
16,25,-6.0,2015
21,16,29.0,2015
2,29,30.0,2015
25,17,-5.0,2015
20,8,21.0,2015
11,4,17.0,2015
14,0,-10.0,2015
10,22,7.0,2015
7,26,-6.0,2015
3,5,0.0,2015
19,15,-14.0,2015
23,9,-14.0,2015
12,18,26.0,2015
26,0,25.0,2015
24,13,17.0,2015
5,1,7.0,2015
6,7,16.0,2015
28,18,19.0,2015
29,27,3.0,2015
9,25,24.0,2015
13,11,1.0,2015
27,23,0.0,2015
19,10,0.0,2015
14,22,13.0,2015
1,8,9.0,2015
21,2,24.0,2015
12,17,13.0,2015
3,16,10.0,2015
25,6,19.0,2015
28,9,2.0,2015
16,7,23.0,2015
4,26,8.0,2015
0,20,11.0,2015
8,10,16.0,2015
15,2,-5.0,2015
12,24,20.0,2015
5,29,-7.0,2015
1,23,8.0,2015
18,14,-4.0,2015
22,13,17.0,2015
17,21,2.0,2015
24,6,2.0,2015
29,13,1.0,2015
8,23,10.0,2015
12,11,-7.0,2015
26,16,30.0,2015
0,27,-5.0,2015
19,22,17.0,2015
4,7,14.0,2015
10,18,12.0,2015
3,9,-12.0,2015
27,7,4.0,2015
25,2,-12.0,2015
15,20,7.0,2015
28,21,-4.0,2015
24,11,17.0,2015
14,26,-15.0,2015
18,5,11.0,2015
8,16,12.0,2015
6,10,1.0,2015
29,23,8.0,2015
19,1,22.0,2015
0,13,18.0,2015
12,21,7.0,2015
26,2,8.0,2015
22,7,2.0,2015
16,19,20.0,2015
28,11,8.0,2015
4,3,-1.0,2015
17,24,-1.0,2015
10,25,12.0,2015
15,5,20.0,2015
27,9,2.0,2015
20,25,8.0,2015
8,13,25.0,2015
14,23,7.0,2015
1,9,-11.0,2015
29,6,-7.0,2015
16,24,7.0,2015
3,8,25.0,2015
19,6,-2.0,2015
15,29,-6.0,2015
22,26,-30.0,2015
27,13,14.0,2015
4,23,3.0,2015
18,2,-13.0,2015
17,12,1.0,2015
25,28,13.0,2015
1,10,10.0,2015
14,20,-30.0,2015
7,21,-6.0,2015
5,24,10.0,2015
11,9,-3.0,2015
23,21,8.0,2015
2,4,10.0,2015
6,0,2.0,2015
17,13,6.0,2015
27,26,8.0,2015
16,12,-9.0,2015
3,15,23.0,2015
28,19,26.0,2015
8,14,4.0,2015
29,10,-1.0,2015
4,12,8.0,2015
1,22,14.0,2015
25,19,7.0,2015
20,0,18.0,2015
2,9,0.0,2015
23,24,-5.0,2015
21,5,-30.0,2015
28,20,1.0,2015
11,15,18.0,2015
18,29,7.0,2015
27,16,12.0,2015
22,8,-7.0,2015
26,13,27.0,2015
7,17,8.0,2015
14,3,-19.0,2015
3,2,0.0,2015
4,18,9.0,2015
16,9,18.0,2015
6,29,2.0,2015
0,26,-20.0,2015
8,11,27.0,2015
1,12,0.0,2015
24,19,3.0,2015
10,13,30.0,2015
23,17,12.0,2015
20,28,11.0,2015
15,14,8.0,2015
27,22,25.0,2015
26,28,30.0,2015
4,22,24.0,2015
0,15,-7.0,2015
6,23,15.0,2015
1,21,-18.0,2015
11,27,21.0,2015
14,29,22.0,2015
24,18,9.0,2015
7,10,11.0,2015
8,12,3.0,2015
2,5,-7.0,2015
13,16,23.0,2015
25,10,15.0,2015
17,7,-7.0,2015
12,16,18.0,2015
4,14,18.0,2015
1,15,-1.0,2015
26,29,24.0,2015
0,22,26.0,2015
8,2,8.0,2015
11,6,30.0,2015
20,24,21.0,2015
19,17,10.0,2015
21,3,20.0,2015
9,23,30.0,2015
28,18,-5.0,2015
5,20,9.0,2015
13,10,-15.0,2015
3,27,15.0,2015
9,16,14.0,2015
22,19,-5.0,2015
15,27,-9.0,2015
21,24,13.0,2015
6,14,14.0,2015
2,0,-3.0,2015
11,1,12.0,2015
23,18,21.0,2015
28,7,14.0,2015
17,25,9.0,2015
26,12,13.0,2015
4,8,2.0,2015
20,13,30.0,2015
19,4,21.0,2015
10,12,15.0,2015
29,3,13.0,2015
14,11,17.0,2015
7,18,0.0,2015
5,22,27.0,2015
1,17,-10.0,2015
15,24,12.0,2015
21,0,2.0,2015
27,25,-5.0,2015
23,16,-1.0,2015
4,1,2.0,2015
2,17,19.0,2015
0,24,14.0,2015
29,25,19.0,2015
10,3,12.0,2015
19,21,-3.0,2015
28,23,26.0,2015
26,11,19.0,2015
12,20,4.0,2015
27,6,9.0,2015
15,8,4.0,2015
22,14,-9.0,2015
7,13,1.0,2015
17,26,-20.0,2015
16,22,18.0,2015
3,2,-8.0,2015
23,7,-3.0,2015
9,28,23.0,2015
11,25,3.0,2015
18,24,30.0,2015
1,6,4.0,2015
5,19,12.0,2015
21,10,8.0,2015
0,8,12.0,2015
29,14,14.0,2015
13,20,-30.0,2015
20,4,-4.0,2015
15,18,11.0,2015
13,12,-5.0,2015
10,26,9.0,2015
9,5,11.0,2015
18,10,7.0,2015
0,19,24.0,2015
23,22,-2.0,2015
1,29,-10.0,2015
21,15,-2.0,2015
16,27,-16.0,2015
24,5,30.0,2015
17,11,-9.0,2015
6,4,12.0,2015
26,7,20.0,2015
8,2,-1.0,2015
28,12,0.0,2015
3,14,11.0,2015
14,13,21.0,2015
2,19,14.0,2015
25,24,1.0,2015
20,7,15.0,2015
6,16,15.0,2015
15,1,-1.0,2015
11,0,11.0,2015
4,27,12.0,2015
26,17,11.0,2015
9,25,24.0,2015
23,5,1.0,2015
21,18,20.0,2015
28,22,9.0,2015
29,12,-12.0,2015
3,13,15.0,2015
14,15,14.0,2015
19,8,17.0,2015
7,5,-1.0,2015
10,0,-1.0,2015
20,16,13.0,2015
26,23,30.0,2015
2,13,-3.0,2015
27,29,8.0,2015
3,12,0.0,2015
25,22,0.0,2015
21,1,12.0,2015
6,9,28.0,2015
4,11,7.0,2015
24,7,12.0,2015
17,28,19.0,2015
11,16,1.0,2015
28,24,18.0,2015
18,12,-1.0,2015
20,23,9.0,2015
8,17,30.0,2015
10,9,1.0,2015
4,19,30.0,2015
27,3,15.0,2015
15,6,29.0,2015
13,22,14.0,2015
29,21,17.0,2015
11,8,17.0,2015
25,23,28.0,2015
9,7,8.0,2015
6,18,-2.0,2015
28,14,10.0,2015
5,21,30.0,2015
12,22,30.0,2015
2,1,2.0,2015
17,16,-5.0,2015
3,20,-14.0,2015
26,10,23.0,2015
7,24,-1.0,2015
19,0,19.0,2015
27,4,3.0,2015
29,15,-17.0,2015
13,23,25.0,2015
20,25,-7.0,2015
8,21,30.0,2015
24,14,-8.0,2015
5,27,27.0,2015
9,3,15.0,2015
15,11,8.0,2015
16,26,-20.0,2015
1,2,-4.0,2015
28,10,3.0,2015
22,17,15.0,2015
13,9,-16.0,2015
0,19,-1.0,2015
6,25,6.0,2015
4,16,16.0,2015
18,6,-4.0,2015
15,19,-3.0,2015
29,5,-1.0,2015
17,7,1.0,2015
1,27,-12.0,2015
23,3,14.0,2015
26,28,30.0,2015
21,11,-4.0,2015
20,14,23.0,2015
24,12,-6.0,2015
2,8,0.0,2015
25,13,8.0,2015
4,2,14.0,2015
10,28,14.0,2015
22,0,-23.0,2015
24,9,-15.0,2015
26,19,6.0,2015
16,6,6.0,2015
14,7,12.0,2015
17,5,-21.0,2015
29,27,-4.0,2015
18,11,0.0,2015
23,15,-3.0,2015
13,20,1.0,2015
1,21,-1.0,2015
0,4,20.0,2015
12,3,19.0,2015
25,9,-7.0,2015
8,1,19.0,2015
28,15,20.0,2015
21,29,-1.0,2015
22,27,-8.0,2015
17,6,-1.0,2015
22,5,-5.0,2015
12,18,8.0,2015
19,16,17.0,2015
13,28,-7.0,2015
24,20,10.0,2015
14,2,8.0,2015
7,3,8.0,2015
10,11,9.0,2015
9,15,13.0,2015
4,29,-9.0,2015
1,26,-22.0,2015
14,10,-11.0,2015
17,20,0.0,2015
13,18,9.0,2015
16,4,10.0,2015
11,23,24.0,2015
8,26,-5.0,2015
6,5,2.0,2015
19,2,11.0,2015
20,6,24.0,2015
1,19,11.0,2015
10,17,8.0,2015
25,18,-7.0,2015
7,9,7.0,2015
24,28,19.0,2015
2,11,14.0,2015
12,15,19.0,2015
3,0,28.0,2015
29,16,10.0,2015
14,8,7.0,2015
22,4,1.0,2015
9,13,23.0,2015
26,5,9.0,2015
21,27,2.0,2015
28,25,3.0,2015
10,5,-9.0,2015
20,17,25.0,2015
4,6,-1.0,2015
7,15,2.0,2015
11,29,-9.0,2015
18,3,7.0,2015
16,0,12.0,2015
2,23,19.0,2015
1,24,-7.0,2015
14,19,13.0,2015
3,16,-8.0,2015
8,9,23.0,2015
12,25,-2.0,2015
0,1,30.0,2015
22,24,30.0,2015
29,2,3.0,2015
28,13,30.0,2015
13,10,-12.0,2015
26,6,30.0,2015
17,23,30.0,2015
20,15,30.0,2015
7,11,8.0,2015
0,21,22.0,2015
12,10,13.0,2015
19,22,11.0,2015
14,18,7.0,2015
8,4,-5.0,2015
3,28,10.0,2015
27,1,17.0,2015
29,24,-5.0,2015
6,2,10.0,2015
5,9,-29.0,2015
23,11,2.0,2015
7,20,-1.0,2015
18,17,20.0,2015
15,16,-7.0,2015
10,8,-4.0,2015
1,5,-8.0,2015
27,2,11.0,2015
24,0,-1.0,2015
19,28,12.0,2015
29,15,24.0,2015
6,17,17.0,2015
4,9,-26.0,2015
20,3,19.0,2015
13,25,-14.0,2015
21,22,-4.0,2015
5,12,18.0,2015
18,8,21.0,2015
25,0,8.0,2015
23,26,-23.0,2015
7,14,4.0,2015
1,28,-17.0,2015
2,4,14.0,2015
27,15,25.0,2015
19,12,-23.0,2015
10,16,9.0,2015
21,3,1.0,2015
6,20,2.0,2015
13,26,-8.0,2015
9,11,17.0,2015
18,16,22.0,2015
24,13,23.0,2015
25,11,16.0,2015
5,4,-8.0,2015
3,19,18.0,2015
23,0,8.0,2015
17,14,10.0,2015
7,8,8.0,2015
10,6,16.0,2015
22,2,-15.0,2015
1,20,15.0,2015
27,12,23.0,2015
25,3,4.0,2015
5,17,12.0,2015
18,10,4.0,2015
14,21,11.0,2015
9,26,30.0,2015
7,0,-9.0,2015
28,8,2.0,2015
4,15,0.0,2015
29,2,-20.0,2015
19,20,-1.0,2015
13,6,3.0,2015
27,29,22.0,2015
16,21,12.0,2015
11,12,3.0,2015
22,23,15.0,2015
1,15,1.0,2015
24,25,20.0,2015
9,6,25.0,2015
26,10,30.0,2015
0,12,3.0,2015
28,3,30.0,2015
5,23,27.0,2015
2,7,13.0,2015
8,22,18.0,2015
17,20,2.0,2015
14,16,25.0,2015
11,0,24.0,2015
29,7,1.0,2015
13,4,-18.0,2015
18,25,14.0,2015
27,19,15.0,2015
2,21,24.0,2015
28,17,18.0,2015
6,1,17.0,2015
19,23,23.0,2015
20,10,13.0,2015
8,5,-3.0,2015
24,3,23.0,2015
16,15,1.0,2015
12,13,17.0,2015
10,29,4.0,2015
27,8,9.0,2015
11,7,9.0,2015
5,26,19.0,2015
22,9,2.0,2015
14,25,9.0,2015
18,1,7.0,2015
6,23,18.0,2015
15,0,23.0,2015
19,9,-16.0,2015
21,2,10.0,2015
13,3,-14.0,2015
12,4,30.0,2015
24,17,8.0,2015
1,8,0.0,2015
26,21,20.0,2015
7,27,24.0,2015
20,29,21.0,2015
11,5,0.0,2015
18,14,-10.0,2015
0,6,20.0,2015
28,4,14.0,2015
25,16,12.0,2015
24,16,17.0,2015
23,27,-2.0,2015
10,15,18.0,2015
19,2,-3.0,2015
13,17,9.0,2015
1,11,-9.0,2015
29,9,-8.0,2015
12,17,-1.0,2015
22,0,-30.0,2015
28,7,9.0,2015
26,18,18.0,2015
2,8,12.0,2015
20,21,8.0,2015
6,15,2.0,2015
25,4,0.0,2015
3,5,14.0,2015
23,10,-1.0,2015
18,13,2.0,2015
8,19,11.0,2015
24,27,-2.0,2015
28,16,8.0,2015
29,22,17.0,2015
19,14,-1.0,2015
7,4,10.0,2015
21,12,-9.0,2015
1,25,14.0,2015
5,2,4.0,2015
6,26,-21.0,2015
0,11,11.0,2015
3,15,2.0,2015
23,28,-4.0,2015
14,6,1.0,2015
5,18,20.0,2015
26,13,9.0,2015
10,24,-12.0,2015
22,1,10.0,2015
17,4,12.0,2015
3,29,9.0,2015
11,8,13.0,2015
9,20,13.0,2015
2,25,14.0,2015
21,0,7.0,2015
15,12,-2.0,2015
19,7,0.0,2015
17,18,-9.0,2015
5,25,25.0,2015
8,27,-9.0,2015
1,7,6.0,2015
11,13,7.0,2015
0,21,-2.0,2015
14,24,-1.0,2015
22,12,-1.0,2015
23,20,-11.0,2015
3,4,22.0,2015
15,26,-13.0,2015
16,2,6.0,2015
6,28,3.0,2015
9,10,18.0,2015
19,29,2.0,2015
2,12,10.0,2015
5,13,14.0,2015
23,9,-3.0,2015
4,0,-18.0,2015
24,10,18.0,2015
21,26,3.0,2015
17,27,10.0,2015
22,25,1.0,2015
18,28,9.0,2015
8,7,-6.0,2015
11,3,-17.0,2015
1,14,-14.0,2015
16,29,12.0,2015
20,18,30.0,2015
29,28,19.0,2015
12,26,24.0,2015
5,4,16.0,2015
0,15,1.0,2015
29,8,17.0,2015
28,2,23.0,2015
13,26,-1.0,2015
25,7,11.0,2015
18,22,12.0,2015
23,10,-11.0,2015
1,19,16.0,2015
16,3,2.0,2015
4,27,15.0,2015
24,9,30.0,2015
20,11,2.0,2015
21,6,11.0,2015
14,17,10.0,2015
17,19,-3.0,2015
12,9,2.0,2015
15,29,25.0,2015
0,16,-3.0,2015
20,5,-18.0,2015
6,22,30.0,2015
23,26,-2.0,2015
7,2,-15.0,2015
1,3,-3.0,2015
24,28,9.0,2015
21,11,2.0,2015
8,18,0.0,2015
4,13,16.0,2015
27,14,18.0,2015
12,23,30.0,2015
0,9,-5.0,2015
16,13,12.0,2015
5,8,-3.0,2015
17,2,7.0,2015
15,11,13.0,2015
19,27,-22.0,2015
7,25,1.0,2015
24,1,13.0,2015
28,10,8.0,2015
22,21,-4.0,2015
29,18,25.0,2015
8,22,25.0,2015
6,20,-8.0,2015
12,7,-1.0,2015
27,17,14.0,2015
11,19,8.0,2015
15,9,-1.0,2015
25,26,-11.0,2015
5,3,16.0,2015
14,13,14.0,2015
4,29,10.0,2015
21,9,-11.0,2015
18,20,9.0,2015
23,1,-5.0,2015
2,16,10.0,2015
28,26,-13.0,2015
24,10,-9.0,2015
22,29,-4.0,2015
13,14,-12.0,2015
6,7,11.0,2015
25,12,-5.0,2015
11,3,4.0,2015
0,4,20.0,2015
19,21,18.0,2015
27,5,7.0,2015
4,24,-3.0,2015
28,1,3.0,2015
20,9,2.0,2015
16,8,-6.0,2015
10,26,-5.0,2015
18,17,3.0,2015
23,14,10.0,2015
2,15,17.0,2015
6,17,30.0,2015
29,5,19.0,2015
11,24,-4.0,2015
0,3,16.0,2015
21,22,19.0,2015
8,27,18.0,2015
19,15,-12.0,2015
16,10,12.0,2015
25,20,-10.0,2015
2,28,10.0,2015
7,14,-2.0,2015
12,1,15.0,2015
29,22,13.0,2015
5,11,9.0,2015
9,0,9.0,2015
15,4,23.0,2015
3,23,30.0,2015
13,1,11.0,2015
6,21,18.0,2015
19,24,-14.0,2015
22,3,-15.0,2015
27,28,15.0,2015
26,8,21.0,2015
10,18,10.0,2015
16,11,0.0,2015
17,29,-1.0,2015
7,13,15.0,2015
12,20,10.0,2015
14,25,11.0,2015
21,4,18.0,2015
2,24,28.0,2015
15,23,21.0,2015
6,25,2.0,2015
18,26,-3.0,2015
9,20,20.0,2015
16,17,20.0,2015
7,1,4.0,2015
14,28,11.0,2015
21,23,-13.0,2015
5,29,30.0,2015
22,15,-5.0,2015
13,0,-24.0,2015
2,19,6.0,2015
27,24,7.0,2015
3,11,12.0,2015
26,25,15.0,2015
12,0,-5.0,2015
4,10,13.0,2015
17,1,19.0,2015
18,28,-7.0,2015
29,11,4.0,2015
19,8,18.0,2015
5,2,22.0,2015
14,23,-4.0,2015
27,10,-1.0,2015
8,24,25.0,2015
7,6,7.0,2015
15,22,10.0,2015
16,20,-3.0,2015
13,9,22.0,2015
3,17,10.0,2015
5,14,2.0,2015
18,25,8.0,2015
11,26,13.0,2015
9,21,11.0,2015
6,12,-14.0,2015
4,16,15.0,2015
17,26,-20.0,2015
7,19,21.0,2015
24,29,12.0,2015
27,1,10.0,2015
13,21,14.0,2015
28,0,-2.0,2015
25,5,-4.0,2015
6,8,-1.0,2015
23,19,-26.0,2015
16,15,11.0,2015
22,10,-9.0,2015
3,18,14.0,2015
9,28,26.0,2015
20,12,17.0,2015
2,14,25.0,2015
27,0,13.0,2015
13,5,-7.0,2015
7,23,23.0,2015
26,4,13.0,2015
9,24,21.0,2015
14,18,12.0,2015
20,17,2.0,2015
28,29,26.0,2015
2,10,1.0,2015
22,1,11.0,2015
3,8,20.0,2015
4,15,-17.0,2015
12,19,12.0,2015
25,21,-2.0,2015
9,23,12.0,2015
22,8,-9.0,2015
7,29,21.0,2015
3,10,21.0,2015
6,11,-2.0,2015
26,20,13.0,2015
24,21,30.0,2015
0,14,17.0,2015
16,18,16.0,2015
27,15,13.0,2015
0,11,30.0,2015
25,28,-4.0,2015
13,19,2.0,2015
1,16,-4.0,2015
12,5,-19.0,2015
9,18,23.0,2015
23,17,8.0,2015
10,14,30.0,2015
27,4,3.0,2015
15,7,10.0,2015
28,5,14.0,2015
20,24,30.0,2015
29,8,30.0,2015
3,6,-6.0,2015
16,27,-13.0,2015
26,12,26.0,2015
13,25,-3.0,2015
11,2,10.0,2015
1,22,22.0,2015
21,7,11.0,2015
8,0,1.0,2015
2,20,-16.0,2015
29,4,26.0,2015
9,19,30.0,2015
5,6,6.0,2015
3,21,13.0,2015
25,18,-10.0,2015
14,17,-1.0,2015
10,12,-11.0,2015
11,27,-2.0,2015
16,14,15.0,2015
0,7,23.0,2015
4,1,21.0,2015
28,23,30.0,2015
26,24,13.0,2015
22,29,0.0,2015
15,3,2.0,2015
8,25,12.0,2015
27,2,19.0,2015
10,17,10.0,2015
22,20,-9.0,2015
13,23,0.0,2015
6,9,-13.0,2015
18,24,0.0,2015
21,5,-1.0,2015
11,20,1.0,2015
29,19,15.0,2015
3,7,-3.0,2015
15,5,26.0,2015
4,28,12.0,2015
8,1,17.0,2015
0,10,17.0,2015
26,9,13.0,2015
14,12,16.0,2015
19,25,-3.0,2015
18,12,9.0,2015
6,24,17.0,2015
16,28,-4.0,2015
27,21,10.0,2015
22,2,-10.0,2015
23,14,-1.0,2015
11,22,21.0,2015
3,26,8.0,2015
4,25,12.0,2015
17,9,0.0,2015
2,21,16.0,2015
8,16,6.0,2015
5,7,30.0,2015
0,29,-10.0,2015
13,14,12.0,2015
18,15,-9.0,2015
1,3,0.0,2015
20,10,9.0,2015
7,22,6.0,2015
23,13,17.0,2015
9,12,21.0,2015
17,25,14.0,2015
26,15,29.0,2015
29,0,-16.0,2015
5,16,14.0,2015
24,6,11.0,2015
10,28,3.0,2015
4,19,-3.0,2015
2,27,17.0,2015
8,21,21.0,2015
12,24,7.0,2015
20,28,27.0,2015
11,18,13.0,2015
1,5,14.0,2015
19,4,17.0,2015
13,7,-6.0,2015
10,27,8.0,2015
26,14,11.0,2015
15,21,16.0,2015
8,3,12.0,2015
9,6,13.0,2015
25,23,27.0,2015
29,17,2.0,2015
0,16,16.0,2015
17,28,-4.0,2015
21,4,27.0,2015
1,11,15.0,2015
23,2,2.0,2015
24,22,8.0,2015
20,26,24.0,2015
18,27,-19.0,2015
16,3,-19.0,2015
19,5,-9.0,2015
8,0,-12.0,2015
25,6,27.0,2015
12,7,20.0,2015
9,22,17.0,2015
11,10,8.0,2015
13,29,-8.0,2015
27,20,-14.0,2015
24,25,17.0,2015
17,23,10.0,2015
12,2,29.0,2015
15,1,16.0,2015
7,6,-4.0,2015
4,0,3.0,2015
14,26,-9.0,2015
18,19,13.0,2015
28,13,30.0,2015
22,3,-10.0,2015
8,20,11.0,2015
9,29,13.0,2015
5,10,-1.0,2015
21,1,30.0,2015
11,4,3.0,2015
13,15,7.0,2015
26,18,13.0,2015
17,12,-15.0,2015
16,23,16.0,2015
14,7,1.0,2015
6,19,7.0,2015
28,9,-2.0,2015
27,0,13.0,2015
25,29,14.0,2015
20,12,7.0,2015
18,7,11.0,2015
11,21,-15.0,2015
5,1,25.0,2015
10,4,2.0,2015
24,2,12.0,2015
0,5,3.0,2015
8,6,-4.0,2015
3,22,14.0,2015
23,29,-2.0,2015
28,17,18.0,2015
14,27,1.0,2015
16,21,8.0,2015
25,15,-1.0,2015
19,1,19.0,2015
9,2,2.0,2015
26,27,12.0,2015
22,11,-8.0,2015
4,8,1.0,2015
24,15,22.0,2015
7,25,-4.0,2015
1,18,-14.0,2015
23,28,-10.0,2015
12,29,10.0,2015
10,20,13.0,2015
9,24,30.0,2015
17,6,-5.0,2015
19,11,0.0,2015
21,14,17.0,2015
16,4,1.0,2015
5,3,14.0,2015
13,2,-2.0,2015
9,17,-2.0,2015
15,8,23.0,2015
25,24,-3.0,2015
28,26,3.0,2015
0,23,18.0,2015
22,18,19.0,2015
16,5,-24.0,2015
27,3,11.0,2015
14,4,21.0,2015
7,20,-17.0,2015
12,13,27.0,2015
11,5,19.0,2015
2,18,12.0,2015
6,10,7.0,2015
29,1,23.0,2015
19,3,-9.0,2015
13,12,-5.0,2015
21,8,1.0,2015
24,20,10.0,2015
0,27,13.0,2015
15,4,13.0,2015
9,26,16.0,2015
25,17,-3.0,2015
10,23,-4.0,2015
21,15,8.0,2015
28,12,2.0,2015
22,19,-2.0,2015
27,11,18.0,2015
18,13,13.0,2015
7,26,9.0,2015
8,29,18.0,2015
2,16,20.0,2015
3,1,19.0,2015
6,14,15.0,2015
18,23,-16.0,2015
4,5,8.0,2015
24,17,4.0,2015
14,9,4.0,2015
25,20,7.0,2015
0,2,16.0,2015
11,1,29.0,2015
19,27,1.0,2015
10,13,25.0,2015
7,28,-11.0,2015
22,16,4.0,2015
12,6,12.0,2015
26,9,-1.0,2015
15,21,27.0,2015
29,3,20.0,2015
5,0,20.0,2015
28,6,-4.0,2015
21,16,14.0,2015
23,25,1.0,2015
1,29,-4.0,2015
17,10,-19.0,2015
18,4,0.0,2015
2,3,-9.0,2015
20,13,30.0,2015
8,15,-1.0,2015
27,22,29.0,2015
26,20,9.0,2015
11,19,17.0,2015
12,14,30.0,2015
13,28,10.0,2015
23,12,14.0,2015
5,8,3.0,2015
17,18,30.0,2015
6,26,0.0,2015
24,7,13.0,2015
1,27,-2.0,2015
3,21,19.0,2015
16,11,0.0,2015
4,22,15.0,2015
9,14,26.0,2015
10,25,30.0,2015
2,15,15.0,2015
29,0,16.0,2015
24,28,14.0,2016
5,19,30.0,2016
9,26,-24.0,2016
18,7,0.0,2016
11,6,14.0,2016
27,8,23.0,2016
22,20,-1.0,2016
23,25,-14.0,2016
21,15,-7.0,2016
16,3,-6.0,2016
13,10,11.0,2016
14,17,9.0,2016
2,1,10.0,2016
4,2,11.0,2016
0,29,20.0,2016
24,12,-3.0,2016
25,26,-3.0,2016
27,5,2.0,2016
8,21,30.0,2016
28,13,12.0,2016
1,11,14.0,2016
18,9,-3.0,2016
6,10,-3.0,2016
20,23,8.0,2016
15,3,-1.0,2016
19,14,12.0,2016
16,1,7.0,2016
7,24,3.0,2016
26,18,24.0,2016
5,21,11.0,2016
3,2,-1.0,2016
4,11,22.0,2016
22,0,-27.0,2016
25,17,8.0,2016
20,13,22.0,2016
14,29,14.0,2016
23,9,-1.0,2016
10,6,6.0,2016
12,28,18.0,2016
8,16,20.0,2016
15,26,-2.0,2016
12,23,23.0,2016
1,4,-25.0,2016
0,25,16.0,2016
27,7,8.0,2016
8,19,18.0,2016
15,25,17.0,2016
5,10,13.0,2016
26,28,-10.0,2016
17,14,30.0,2016
18,16,1.0,2016
11,13,12.0,2016
22,21,3.0,2016
24,9,-18.0,2016
23,24,8.0,2016
1,8,13.0,2016
28,6,21.0,2016
2,4,12.0,2016
3,22,21.0,2016
29,27,-5.0,2016
14,18,11.0,2016
19,10,-14.0,2016
0,13,-2.0,2016
12,20,3.0,2016
9,20,30.0,2016
21,25,13.0,2016
17,7,2.0,2016
16,11,23.0,2016
5,2,11.0,2016
27,15,14.0,2016
4,19,-8.0,2016
18,23,4.0,2016
29,0,8.0,2016
1,3,1.0,2016
28,26,-9.0,2016
6,24,-5.0,2016
13,9,25.0,2016
14,12,-6.0,2016
26,12,-19.0,2016
22,5,4.0,2016
11,4,22.0,2016
16,25,30.0,2016
20,17,25.0,2016
0,10,20.0,2016
8,7,22.0,2016
21,29,7.0,2016
19,28,0.0,2016
2,7,-11.0,2016
27,25,0.0,2016
13,23,16.0,2016
6,16,16.0,2016
14,24,-1.0,2016
29,10,-3.0,2016
9,18,15.0,2016
4,21,30.0,2016
3,11,27.0,2016
12,8,30.0,2016
20,15,17.0,2016
22,28,-20.0,2016
5,0,1.0,2016
1,17,14.0,2016
14,7,6.0,2016
24,23,8.0,2016
13,6,-7.0,2016
25,18,13.0,2016
21,17,-11.0,2016
12,24,30.0,2016
19,1,19.0,2016
9,6,26.0,2016
23,8,12.0,2016
20,27,-5.0,2016
11,22,12.0,2016
26,10,3.0,2016
0,4,13.0,2016
29,2,30.0,2016
3,28,11.0,2016
7,9,-19.0,2016
25,13,-5.0,2016
15,4,2.0,2016
16,18,-1.0,2016
26,8,15.0,2016
21,28,-8.0,2016
29,5,-6.0,2016
2,19,30.0,2016
3,27,3.0,2016
20,12,3.0,2016
24,25,7.0,2016
22,11,9.0,2016
7,8,-6.0,2016
27,19,16.0,2016
17,12,-9.0,2016
15,28,-6.0,2016
11,2,-1.0,2016
16,14,15.0,2016
18,13,-22.0,2016
10,26,-1.0,2016
23,1,-13.0,2016
0,22,26.0,2016
4,29,16.0,2016
24,7,12.0,2016
5,3,12.0,2016
9,23,18.0,2016
17,13,30.0,2016
20,21,3.0,2016
11,21,24.0,2016
12,1,30.0,2016
8,20,21.0,2016
26,15,9.0,2016
28,14,-1.0,2016
10,22,30.0,2016
18,2,6.0,2016
19,6,21.0,2016
13,1,12.0,2016
24,4,-20.0,2016
15,0,2.0,2016
17,3,-2.0,2016
5,27,9.0,2016
22,29,12.0,2016
21,18,12.0,2016
2,6,12.0,2016
12,14,1.0,2016
25,26,0.0,2016
0,16,12.0,2016
11,5,15.0,2016
7,23,21.0,2016
19,8,8.0,2016
20,10,7.0,2016
27,9,-1.0,2016
10,24,22.0,2016
17,22,29.0,2016
15,16,28.0,2016
29,19,12.0,2016
28,4,-3.0,2016
25,12,-1.0,2016
2,9,-11.0,2016
7,27,3.0,2016
6,14,-11.0,2016
3,0,9.0,2016
18,24,17.0,2016
13,26,-4.0,2016
11,23,-15.0,2016
20,1,24.0,2016
5,8,28.0,2016
18,3,10.0,2016
29,15,2.0,2016
10,28,14.0,2016
16,9,2.0,2016
22,23,20.0,2016
14,17,27.0,2016
21,6,13.0,2016
12,4,12.0,2016
8,2,3.0,2016
7,28,19.0,2016
20,11,1.0,2016
1,24,-15.0,2016
25,27,8.0,2016
13,4,-3.0,2016
19,0,15.0,2016
11,9,-30.0,2016
26,6,10.0,2016
29,23,10.0,2016
12,27,13.0,2016
17,2,-1.0,2016
22,15,12.0,2016
8,10,2.0,2016
16,21,9.0,2016
3,14,-10.0,2016
19,24,9.0,2016
13,20,7.0,2016
7,4,8.0,2016
0,18,-13.0,2016
6,12,-15.0,2016
9,13,30.0,2016
18,17,26.0,2016
3,26,0.0,2016
8,15,28.0,2016
10,27,-8.0,2016
28,7,30.0,2016
1,2,-14.0,2016
11,0,-6.0,2016
5,24,17.0,2016
22,14,0.0,2016
25,20,20.0,2016
21,23,0.0,2016
23,17,-8.0,2016
8,12,16.0,2016
16,27,-1.0,2016
2,26,-1.0,2016
7,20,2.0,2016
11,1,26.0,2016
21,29,2.0,2016
14,15,-4.0,2016
22,4,-11.0,2016
24,18,20.0,2016
28,0,30.0,2016
19,3,7.0,2016
25,10,-8.0,2016
5,6,30.0,2016
13,9,-19.0,2016
29,26,-7.0,2016
3,19,10.0,2016
9,17,18.0,2016
20,8,23.0,2016
15,14,2.0,2016
24,10,-11.0,2016
6,18,15.0,2016
21,16,-3.0,2016
23,7,-1.0,2016
22,5,1.0,2016
11,12,26.0,2016
13,0,20.0,2016
1,25,-12.0,2016
9,0,10.0,2016
14,3,-14.0,2016
29,25,11.0,2016
19,20,-4.0,2016
15,2,-3.0,2016
17,28,-4.0,2016
27,22,30.0,2016
26,21,-7.0,2016
1,12,10.0,2016
3,8,-18.0,2016
16,5,22.0,2016
28,10,24.0,2016
18,13,22.0,2016
23,0,7.0,2016
20,29,16.0,2016
27,14,20.0,2016
24,11,27.0,2016
6,26,-2.0,2016
4,13,-1.0,2016
7,15,-3.0,2016
17,19,3.0,2016
2,8,-2.0,2016
28,15,4.0,2016
9,10,0.0,2016
3,6,15.0,2016
5,12,-14.0,2016
14,21,6.0,2016
1,16,-13.0,2016
0,8,-30.0,2016
7,10,-13.0,2016
22,21,-12.0,2016
27,13,30.0,2016
4,5,11.0,2016
26,29,7.0,2016
18,12,-13.0,2016
2,25,10.0,2016
19,17,9.0,2016
28,7,12.0,2016
3,17,0.0,2016
9,23,30.0,2016
14,13,8.0,2016
6,4,30.0,2016
22,2,4.0,2016
27,0,30.0,2016
16,1,14.0,2016
24,15,12.0,2016
8,21,-1.0,2016
20,18,14.0,2016
12,11,-4.0,2016
19,25,13.0,2016
0,20,2.0,2016
16,26,4.0,2016
9,11,30.0,2016
6,3,-3.0,2016
18,14,3.0,2016
13,28,-1.0,2016
27,5,1.0,2016
4,24,3.0,2016
22,7,-3.0,2016
10,2,6.0,2016
1,29,0.0,2016
14,22,10.0,2016
28,23,12.0,2016
15,19,-6.0,2016
29,21,-3.0,2016
8,4,16.0,2016
17,26,-9.0,2016
10,13,30.0,2016
21,2,-25.0,2016
16,24,13.0,2016
0,15,13.0,2016
3,8,15.0,2016
19,5,-27.0,2016
6,25,-26.0,2016
12,9,-12.0,2016
1,7,10.0,2016
23,11,-10.0,2016
29,7,12.0,2016
14,24,7.0,2016
27,17,19.0,2016
4,26,9.0,2016
18,22,-6.0,2016
28,9,-2.0,2016
20,10,2.0,2016
25,19,2.0,2016
17,8,-22.0,2016
2,27,-2.0,2016
13,23,1.0,2016
6,11,13.0,2016
16,0,1.0,2016
3,21,26.0,2016
5,15,30.0,2016
10,6,27.0,2016
4,15,10.0,2016
28,25,25.0,2016
11,24,12.0,2016
14,9,26.0,2016
5,3,16.0,2016
29,16,10.0,2016
12,18,30.0,2016
26,1,30.0,2016
21,7,-3.0,2016
13,19,-1.0,2016
23,18,4.0,2016
20,2,8.0,2016
8,22,-13.0,2016
17,9,-3.0,2016
12,24,6.0,2016
10,1,9.0,2016
6,7,25.0,2016
27,16,27.0,2016
11,3,21.0,2016
15,29,16.0,2016
25,13,29.0,2016
5,14,22.0,2016
4,17,0.0,2016
18,9,1.0,2016
0,21,-6.0,2016
23,19,7.0,2016
24,20,24.0,2016
10,25,30.0,2016
21,12,0.0,2016
28,20,25.0,2016
26,2,12.0,2016
15,11,11.0,2016
6,8,-5.0,2016
22,27,-4.0,2016
1,13,15.0,2016
29,3,8.0,2016
14,5,13.0,2016
9,19,18.0,2016
7,24,17.0,2016
23,26,-10.0,2016
16,4,16.0,2016
18,11,12.0,2016
27,0,1.0,2016
2,3,13.0,2016
15,12,1.0,2016
22,13,-6.0,2016
10,18,27.0,2016
4,16,-21.0,2016
29,8,19.0,2016
28,6,8.0,2016
14,25,1.0,2016
21,1,12.0,2016
20,23,18.0,2016
0,3,-3.0,2016
7,19,18.0,2016
9,24,30.0,2016
8,11,-10.0,2016
17,10,3.0,2016
5,13,16.0,2016
15,2,-5.0,2016
22,1,6.0,2016
26,18,18.0,2016
6,25,25.0,2016
21,27,-25.0,2016
14,28,-4.0,2016
29,12,12.0,2016
20,0,3.0,2016
4,8,30.0,2016
17,23,12.0,2016
11,29,7.0,2016
7,6,15.0,2016
27,1,17.0,2016
12,7,22.0,2016
22,18,-10.0,2016
19,11,12.0,2016
9,28,30.0,2016
15,21,-1.0,2016
10,26,3.0,2016
3,13,9.0,2016
14,2,2.0,2016
16,5,-1.0,2016
25,24,10.0,2016
23,10,-9.0,2016
24,6,4.0,2016
28,25,4.0,2016
4,29,-5.0,2016
8,14,-7.0,2016
18,20,-6.0,2016
0,17,-3.0,2016
5,16,16.0,2016
12,26,10.0,2016
1,9,-11.0,2016
11,2,-2.0,2016
19,21,16.0,2016
15,13,13.0,2016
28,27,-1.0,2016
18,15,9.0,2016
3,4,17.0,2016
5,1,25.0,2016
24,26,-15.0,2016
8,9,-1.0,2016
14,10,11.0,2016
23,22,12.0,2016
2,20,0.0,2016
7,0,4.0,2016
17,25,1.0,2016
12,6,3.0,2016
21,13,24.0,2016
16,29,30.0,2016
19,2,0.0,2016
26,4,24.0,2016
13,12,14.0,2016
5,9,6.0,2016
20,17,17.0,2016
4,11,10.0,2016
21,14,15.0,2016
1,3,7.0,2016
8,5,21.0,2016
17,0,19.0,2016
25,22,7.0,2016
10,23,21.0,2016
12,7,1.0,2016
29,16,10.0,2016
18,6,12.0,2016
24,27,1.0,2016
2,14,15.0,2016
6,10,-11.0,2016
13,28,3.0,2016
15,20,-7.0,2016
9,27,15.0,2016
29,11,11.0,2016
24,25,18.0,2016
8,16,-20.0,2016
4,1,7.0,2016
26,23,26.0,2016
18,12,9.0,2016
7,17,7.0,2016
21,3,-14.0,2016
0,19,9.0,2016
23,27,13.0,2016
5,2,11.0,2016
14,20,30.0,2016
13,6,-7.0,2016
3,15,14.0,2016
28,22,22.0,2016
11,4,15.0,2016
2,15,8.0,2016
9,6,14.0,2016
10,12,29.0,2016
18,19,17.0,2016
26,24,21.0,2016
29,1,28.0,2016
7,22,3.0,2016
0,8,12.0,2016
17,16,22.0,2016
3,5,-7.0,2016
10,19,12.0,2016
28,23,10.0,2016
20,12,30.0,2016
4,16,-15.0,2016
25,14,-9.0,2016
13,27,-4.0,2016
15,8,-4.0,2016
11,21,18.0,2016
0,26,7.0,2016
17,24,-1.0,2016
4,3,12.0,2016
10,29,15.0,2016
12,23,16.0,2016
1,28,-7.0,2016
16,20,9.0,2016
19,21,-7.0,2016
5,18,13.0,2016
9,7,13.0,2016
6,29,13.0,2016
22,17,7.0,2016
2,28,16.0,2016
7,25,-2.0,2016
23,15,14.0,2016
13,14,19.0,2016
26,27,30.0,2016
8,11,0.0,2016
19,16,4.0,2016
5,4,-7.0,2016
25,15,0.0,2016
9,24,13.0,2016
12,14,14.0,2016
3,20,16.0,2016
21,0,-14.0,2016
11,1,17.0,2016
7,26,-23.0,2016
8,3,6.0,2016
24,13,14.0,2016
6,23,-2.0,2016
18,0,0.0,2016
10,20,7.0,2016
27,28,13.0,2016
9,14,-4.0,2016
25,12,-3.0,2016
1,5,-3.0,2016
29,17,12.0,2016
21,10,-2.0,2016
16,19,0.0,2016
13,15,30.0,2016
2,22,9.0,2016
4,27,10.0,2016
6,0,-10.0,2016
11,19,19.0,2016
26,3,22.0,2016
20,7,20.0,2016
17,28,3.0,2016
2,18,14.0,2016
1,22,-5.0,2016
16,29,-1.0,2016
13,21,21.0,2016
25,9,-6.0,2016
14,28,14.0,2016
23,5,1.0,2016
12,15,17.0,2016
27,10,-2.0,2016
24,8,4.0,2016
4,20,-10.0,2016
19,18,-9.0,2016
17,6,14.0,2016
13,24,-16.0,2016
27,2,13.0,2016
25,8,11.0,2016
26,16,3.0,2016
1,0,-15.0,2016
10,3,12.0,2016
28,5,13.0,2016
9,15,17.0,2016
29,4,7.0,2016
12,21,14.0,2016
2,29,14.0,2016
22,19,6.0,2016
17,10,19.0,2016
24,5,21.0,2016
20,14,13.0,2016
23,6,0.0,2016
7,11,30.0,2016
1,18,-4.0,2016
26,13,30.0,2016
19,4,20.0,2016
9,8,25.0,2016
16,15,13.0,2016
27,1,24.0,2016
24,21,-1.0,2016
17,20,15.0,2016
0,2,3.0,2016
25,5,-7.0,2016
22,3,14.0,2016
28,8,30.0,2016
10,14,0.0,2016
29,22,21.0,2016
23,26,8.0,2016
4,18,13.0,2016
28,21,12.0,2016
12,13,21.0,2016
27,19,20.0,2016
6,17,16.0,2016
14,4,1.0,2016
1,10,-20.0,2016
25,20,1.0,2016
0,16,18.0,2016
13,8,0.0,2016
16,22,-4.0,2016
9,5,30.0,2016
23,28,0.0,2016
2,3,15.0,2016
11,18,8.0,2016
19,0,4.0,2016
12,20,27.0,2016
7,21,18.0,2016
29,24,24.0,2016
13,7,-1.0,2016
26,17,13.0,2016
4,6,4.0,2016
15,10,11.0,2016
1,27,-5.0,2016
3,24,27.0,2016
22,27,10.0,2016
9,20,26.0,2016
8,0,28.0,2016
18,21,25.0,2016
25,11,-1.0,2016
10,16,24.0,2016
29,14,8.0,2016
2,19,-6.0,2016
26,7,19.0,2016
19,29,2.0,2016
15,6,9.0,2016
5,23,20.0,2016
12,17,2.0,2016
13,11,18.0,2016
21,16,21.0,2016
18,1,-24.0,2016
3,27,30.0,2016
6,28,0.0,2016
10,9,-12.0,2016
14,25,21.0,2016
22,24,6.0,2016
0,4,14.0,2016
15,16,17.0,2016
8,29,6.0,2016
2,24,1.0,2016
5,26,2.0,2016
4,25,8.0,2016
14,10,-19.0,2016
19,23,3.0,2016
28,11,14.0,2016
7,12,30.0,2016
0,22,22.0,2016
3,1,12.0,2016
6,13,30.0,2016
21,9,-15.0,2016
27,23,-7.0,2016
17,7,8.0,2016
16,10,18.0,2016
18,5,7.0,2016
28,20,3.0,2016
8,25,0.0,2016
1,26,-21.0,2016
11,19,-1.0,2016
15,9,8.0,2016
0,12,-5.0,2016
3,29,-5.0,2016
27,26,3.0,2016
23,17,4.0,2016
29,2,20.0,2016
7,28,15.0,2016
22,12,16.0,2016
21,4,-3.0,2016
1,15,2.0,2016
3,9,-5.0,2016
14,27,7.0,2016
18,20,-4.0,2016
4,0,0.0,2016
6,19,13.0,2016
24,13,12.0,2016
2,10,16.0,2016
16,22,0.0,2016
5,25,1.0,2016
28,13,13.0,2016
20,6,16.0,2016
7,23,12.0,2016
17,11,-1.0,2016
5,1,13.0,2016
22,10,0.0,2016
19,3,8.0,2016
18,26,21.0,2016
0,29,-21.0,2016
4,15,-7.0,2016
24,14,8.0,2016
11,25,9.0,2016
2,21,30.0,2016
27,16,21.0,2016
17,1,25.0,2016
23,7,-6.0,2016
16,2,1.0,2016
3,25,2.0,2016
15,8,18.0,2016
28,14,-2.0,2016
9,12,30.0,2016
18,29,-8.0,2016
4,22,18.0,2016
0,19,8.0,2016
24,9,3.0,2016
27,21,4.0,2016
11,10,24.0,2016
5,20,21.0,2016
26,6,1.0,2016
23,14,-14.0,2016
17,21,11.0,2016
22,25,8.0,2016
2,8,9.0,2016
6,5,12.0,2016
15,1,13.0,2016
26,20,19.0,2016
10,25,27.0,2016
13,7,9.0,2016
29,19,21.0,2016
27,18,7.0,2016
24,3,22.0,2016
21,11,-5.0,2016
8,18,25.0,2016
6,22,23.0,2016
2,27,10.0,2016
15,0,28.0,2016
1,19,0.0,2016
9,3,20.0,2016
5,17,30.0,2016
20,4,-23.0,2016
28,16,21.0,2016
7,14,-15.0,2016
23,12,-5.0,2016
10,0,0.0,2016
26,22,21.0,2016
29,13,13.0,2016
12,9,-8.0,2016
1,11,-4.0,2016
8,17,13.0,2016
21,27,13.0,2016
20,14,17.0,2016
10,4,9.0,2016
2,13,11.0,2016
25,23,3.0,2016
7,16,9.0,2016
24,6,1.0,2016
26,7,29.0,2016
29,18,19.0,2016
17,14,-3.0,2016
0,21,30.0,2016
23,16,-20.0,2016
15,22,28.0,2016
19,5,-2.0,2016
28,3,12.0,2016
11,8,26.0,2016
25,9,8.0,2016
20,24,11.0,2016
1,27,-3.0,2016
2,12,10.0,2016
29,5,0.0,2016
25,4,0.0,2016
27,12,14.0,2016
19,13,-9.0,2016
8,22,22.0,2016
11,20,8.0,2016
7,6,28.0,2016
14,26,20.0,2016
0,28,-20.0,2016
17,15,3.0,2016
18,23,10.0,2016
3,1,9.0,2016
6,24,4.0,2016
10,21,29.0,2016
9,4,30.0,2016
8,13,24.0,2016
19,12,1.0,2016
25,2,21.0,2016
11,5,-10.0,2016
1,29,1.0,2016
16,15,-13.0,2016
22,26,-3.0,2016
17,27,8.0,2016
18,28,-28.0,2016
14,23,24.0,2016
0,7,16.0,2016
6,28,12.0,2016
3,10,-7.0,2016
21,22,4.0,2016
24,2,-4.0,2016
20,5,14.0,2016
8,26,-6.0,2016
14,9,-10.0,2016
25,0,6.0,2016
23,4,23.0,2016
19,7,-3.0,2016
17,18,-11.0,2016
16,13,-3.0,2016
29,11,10.0,2016
1,15,-4.0,2016
22,15,13.0,2016
6,21,30.0,2016
28,2,-3.0,2016
11,16,-11.0,2016
20,9,-11.0,2016
3,12,0.0,2016
5,7,21.0,2016
10,23,30.0,2016
27,8,4.0,2016
17,4,30.0,2016
25,18,11.0,2016
19,26,9.0,2016
1,14,-4.0,2016
6,2,-8.0,2016
3,22,-1.0,2016
29,20,27.0,2016
15,21,-4.0,2016
7,9,27.0,2016
24,0,0.0,2016
28,12,-11.0,2016
11,26,1.0,2016
23,18,3.0,2016
16,8,18.0,2016
13,25,4.0,2016
17,5,-3.0,2016
4,27,16.0,2016
1,16,1.0,2016
8,6,12.0,2016
21,26,-23.0,2016
5,11,14.0,2016
14,18,1.0,2016
23,13,30.0,2016
7,17,-8.0,2016
10,15,-3.0,2016
20,19,16.0,2016
9,25,28.0,2016
12,0,20.0,2016
28,24,28.0,2016
2,22,13.0,2016
27,3,10.0,2016
4,2,6.0,2016
11,29,-8.0,2016
18,10,-25.0,2016
8,3,11.0,2016
21,24,-4.0,2016
5,19,20.0,2016
25,7,21.0,2016
9,12,15.0,2016
22,29,13.0,2016
16,28,-9.0,2016
20,13,22.0,2016
27,2,15.0,2016
11,14,15.0,2016
7,1,25.0,2016
17,6,18.0,2016
12,26,-3.0,2016
0,15,-13.0,2016
4,23,12.0,2016
6,18,18.0,2016
9,1,22.0,2016
21,0,24.0,2016
19,22,6.0,2016
10,17,17.0,2016
15,11,23.0,2016
5,4,-13.0,2016
25,3,-9.0,2016
29,28,-5.0,2016
12,3,8.0,2016
27,24,11.0,2016
16,23,9.0,2016
8,2,-1.0,2016
7,14,-2.0,2016
13,26,-16.0,2016
20,18,13.0,2016
10,11,-4.0,2016
6,15,12.0,2016
19,27,4.0,2016
22,9,-6.0,2016
2,0,-11.0,2016
25,17,-9.0,2016
5,16,12.0,2016
14,23,23.0,2016
13,3,0.0,2016
29,9,9.0,2016
20,28,8.0,2016
4,7,-13.0,2016
8,24,12.0,2016
18,8,28.0,2016
12,10,-14.0,2016
2,5,9.0,2016
26,11,6.0,2016
15,22,30.0,2016
28,17,-22.0,2016
27,29,-4.0,2016
25,1,-4.0,2016
16,7,-7.0,2016
0,6,10.0,2016
21,19,-6.0,2016
4,9,12.0,2016
24,20,10.0,2016
23,3,22.0,2016
13,2,-15.0,2016
21,15,16.0,2016
6,14,9.0,2016
18,26,2.0,2016
28,1,20.0,2016
16,12,16.0,2016
0,5,0.0,2016
22,19,8.0,2016
23,20,12.0,2016
29,27,-3.0,2016
16,27,12.0,2016
10,14,20.0,2016
15,5,30.0,2016
26,17,12.0,2016
22,8,-25.0,2016
24,1,19.0,2016
7,3,-5.0,2016
4,12,-5.0,2016
6,20,20.0,2016
0,11,4.0,2016
13,18,-3.0,2016
19,9,-2.0,2016
23,2,8.0,2016
29,21,6.0,2016
25,28,4.0,2016
0,9,-3.0,2016
14,1,-8.0,2016
21,19,-3.0,2016
26,10,7.0,2016
8,4,19.0,2016
22,16,-9.0,2016
28,18,10.0,2016
7,25,17.0,2016
5,15,-3.0,2016
3,11,17.0,2016
12,2,19.0,2016
6,13,16.0,2016
20,24,0.0,2016
23,29,1.0,2016
17,12,21.0,2016
26,25,15.0,2016
18,27,-2.0,2016
0,1,10.0,2016
9,2,-8.0,2016
16,19,16.0,2016
10,28,-2.0,2016
21,4,12.0,2016
15,3,12.0,2016
7,29,-5.0,2016
11,8,22.0,2016
23,13,-7.0,2016
8,5,10.0,2016
20,26,15.0,2016
24,22,11.0,2016
14,12,-11.0,2016
0,27,11.0,2016
17,9,6.0,2016
4,10,-16.0,2016
16,11,19.0,2016
25,29,-3.0,2016
3,21,30.0,2016
7,2,25.0,2016
6,1,14.0,2016
21,5,-7.0,2016
26,9,27.0,2016
12,22,17.0,2016
14,0,-12.0,2016
16,17,12.0,2016
25,7,-8.0,2016
20,28,13.0,2016
15,27,20.0,2016
6,23,3.0,2016
3,18,2.0,2016
8,19,25.0,2016
24,29,4.0,2016
11,15,9.0,2016
1,19,13.0,2016
10,5,10.0,2016
2,4,25.0,2016
13,22,3.0,2016
23,24,-4.0,2016
3,4,-1.0,2016
14,16,25.0,2016
28,12,11.0,2016
27,6,27.0,2016
26,0,13.0,2016
7,13,30.0,2016
25,21,10.0,2016
17,29,20.0,2016
5,8,30.0,2016
9,22,7.0,2016
1,20,-13.0,2016
19,11,11.0,2016
18,24,28.0,2016
4,14,-2.0,2016
10,13,30.0,2016
8,28,-9.0,2016
29,6,0.0,2016
26,24,1.0,2016
2,17,18.0,2016
12,16,4.0,2016
23,25,-1.0,2016
11,3,26.0,2016
15,18,13.0,2016
9,21,30.0,2016
5,28,13.0,2016
7,12,20.0,2016
19,1,-6.0,2016
0,14,-7.0,2016
27,20,-16.0,2016
18,10,21.0,2016
8,27,-7.0,2016
22,6,30.0,2016
23,21,-1.0,2016
15,17,23.0,2016
1,2,2.0,2016
13,16,1.0,2016
29,4,10.0,2016
0,24,-11.0,2016
3,29,10.0,2016
20,25,21.0,2016
12,5,30.0,2016
9,16,30.0,2016
4,28,14.0,2016
14,26,13.0,2016
7,10,1.0,2016
8,23,22.0,2016
27,11,30.0,2016
18,17,19.0,2016
22,2,11.0,2016
15,24,-6.0,2016
13,5,0.0,2016
26,25,21.0,2016
1,6,-2.0,2016
12,19,14.0,2016
21,22,8.0,2016
3,0,20.0,2016
10,7,6.0,2016
11,28,12.0,2016
20,9,-11.0,2016
2,29,13.0,2016
17,26,-2.0,2016
15,23,20.0,2016
27,4,7.0,2016
18,14,18.0,2016
13,12,-19.0,2016
6,9,-20.0,2016
1,8,7.0,2016
24,16,2.0,2016
21,3,-2.0,2016
4,8,27.0,2016
28,19,12.0,2016
20,22,30.0,2016
2,11,14.0,2016
25,16,-13.0,2016
29,0,9.0,2016
7,5,18.0,2016
26,14,12.0,2016
24,19,20.0,2016
6,12,7.0,2016
15,27,-12.0,2016
1,23,30.0,2016
10,18,15.0,2016
3,5,-2.0,2016
9,25,19.0,2016
2,23,15.0,2016
4,22,-5.0,2016
21,8,30.0,2016
13,17,16.0,2016
16,0,8.0,2016
29,1,26.0,2016
11,7,-3.0,2016
24,17,17.0,2016
26,19,13.0,2016
6,27,-3.0,2016
12,28,18.0,2016
5,29,-7.0,2016
10,20,17.0,2016
0,1,-10.0,2016
11,22,18.0,2016
7,18,-20.0,2016
2,15,9.0,2016
16,4,-10.0,2016
12,25,4.0,2016
3,23,19.0,2016
9,14,17.0,2016
13,24,-11.0,2016
25,14,6.0,2016
19,8,19.0,2016
28,18,13.0,2016
26,5,30.0,2016
6,20,4.0,2016
27,21,24.0,2016
10,9,-2.0,2016
11,17,4.0,2016
8,15,4.0,2016
1,22,0.0,2016
13,29,-6.0,2016
24,7,14.0,2016
0,23,9.0,2016
3,16,-5.0,2016
14,11,18.0,2016
27,3,1.0,2016
25,28,-25.0,2016
18,6,8.0,2016
22,0,-2.0,2016
12,29,14.0,2016
26,9,-7.0,2016
19,15,-12.0,2016
2,16,2.0,2016
21,20,-3.0,2016
17,13,20.0,2016
4,5,11.0,2016
23,12,-1.0,2016
24,10,15.0,2016
8,1,6.0,2016
9,10,14.0,2016
14,6,14.0,2016
20,26,0.0,2016
28,29,12.0,2016
27,11,16.0,2016
5,22,22.0,2016
18,25,30.0,2016
2,21,6.0,2016
3,7,13.0,2016
15,19,1.0,2016
16,8,8.0,2016
24,23,18.0,2016
4,0,7.0,2016
12,13,16.0,2016
17,25,-1.0,2016
1,21,15.0,2016
1,0,14.0,2016
15,7,2.0,2016
26,28,11.0,2016
9,29,29.0,2016
19,2,-11.0,2016
27,22,13.0,2016
5,11,10.0,2016
23,10,-2.0,2016
16,6,1.0,2016
20,3,-7.0,2016
18,4,-2.0,2016
13,14,10.0,2016
17,24,6.0,2016
19,4,14.0,2016
29,3,12.0,2016
18,7,2.0,2016
26,14,11.0,2016
22,1,-18.0,2016
9,17,19.0,2016
25,6,16.0,2016
20,16,30.0,2016
5,21,25.0,2016
28,24,24.0,2016
11,27,23.0,2016
8,27,2.0,2016
26,13,-2.0,2016
10,7,11.0,2016
23,9,-4.0,2016
12,6,16.0,2016
14,20,2.0,2016
2,5,-18.0,2016
3,15,-8.0,2016
24,17,12.0,2016
21,1,13.0,2016
22,4,-7.0,2016
11,16,20.0,2016
0,2,12.0,2016
19,29,2.0,2016
14,19,18.0,2016
27,15,7.0,2016
7,18,21.0,2016
13,25,9.0,2016
23,20,26.0,2016
28,17,12.0,2016
10,8,0.0,2016
6,26,-8.0,2016
5,0,-9.0,2016
3,2,-2.0,2016
24,28,20.0,2016
21,11,-10.0,2016
26,12,-6.0,2016
29,15,2.0,2016
9,18,27.0,2016
22,16,-3.0,2016
1,4,6.0,2016
0,5,6.0,2016
7,20,4.0,2016
19,27,-8.0,2016
13,17,6.0,2016
14,8,-8.0,2016
23,6,18.0,2016
25,10,-2.0,2016
8,29,1.0,2016
22,11,-4.0,2016
24,26,6.0,2016
2,1,14.0,2016
15,5,8.0,2016
16,3,15.0,2016
9,28,-1.0,2016
4,21,30.0,2016
12,10,30.0,2016
6,7,-13.0,2016
0,3,30.0,2016
17,20,3.0,2016
13,18,17.0,2016
25,23,30.0,2016
2,16,23.0,2016
15,29,13.0,2016
12,25,25.0,2016
24,18,2.0,2016
28,26,9.0,2016
14,6,-2.0,2016
5,27,-10.0,2016
19,22,6.0,2016
20,7,-1.0,2016
21,8,9.0,2016
9,13,20.0,2016
4,1,30.0,2016
11,0,23.0,2016
10,17,10.0,2016
9,10,4.0,2017
5,2,8.0,2017
26,17,13.0,2017
6,0,-1.0,2017
28,7,15.0,2017
29,22,10.0,2017
14,18,17.0,2017
11,1,14.0,2017
21,15,12.0,2017
23,24,-30.0,2017
8,3,17.0,2017
25,10,0.0,2017
2,16,-3.0,2017
13,12,-11.0,2017
27,4,22.0,2017
20,19,26.0,2017
11,24,-13.0,2017
29,8,9.0,2017
1,21,10.0,2017
23,13,3.0,2017
22,2,-5.0,2017
3,0,23.0,2017
16,5,-14.0,2017
17,28,8.0,2017
18,9,-3.0,2017
6,25,0.0,2017
7,25,22.0,2017
28,20,14.0,2017
15,11,9.0,2017
4,26,-5.0,2017
27,22,30.0,2017
5,21,-16.0,2017
12,23,30.0,2017
16,24,8.0,2017
10,6,21.0,2017
19,8,1.0,2017
14,9,15.0,2017
20,17,3.0,2017
1,0,17.0,2017
13,18,-2.0,2017
6,9,-25.0,2017
15,0,16.0,2017
23,25,7.0,2017
8,22,-6.0,2017
7,29,0.0,2017
16,3,14.0,2017
26,27,9.0,2017
10,14,-3.0,2017
12,28,23.0,2017
17,11,-18.0,2017
2,19,26.0,2017
5,4,12.0,2017
24,18,15.0,2017
21,1,9.0,2017
8,17,26.0,2017
1,5,10.0,2017
6,14,14.0,2017
13,29,8.0,2017
23,28,14.0,2017
3,7,22.0,2017
20,11,23.0,2017
9,27,10.0,2017
22,10,4.0,2017
15,26,-12.0,2017
25,18,-3.0,2017
14,6,10.0,2017
24,12,4.0,2017
16,2,-2.0,2017
4,0,10.0,2017
13,27,-4.0,2017
19,1,26.0,2017
0,7,0.0,2017
9,29,8.0,2017
3,10,-11.0,2017
21,26,30.0,2017
17,20,8.0,2017
6,22,3.0,2017
15,2,-1.0,2017
18,5,27.0,2017
4,20,-27.0,2017
28,13,20.0,2017
12,8,-3.0,2017
24,23,12.0,2017
14,10,19.0,2017
11,26,8.0,2017
0,16,-6.0,2017
1,7,-8.0,2017
5,19,-14.0,2017
3,21,12.0,2017
9,8,-3.0,2017
25,29,-22.0,2017
28,6,20.0,2017
10,22,-3.0,2017
19,7,11.0,2017
24,27,-9.0,2017
18,21,-11.0,2017
14,3,0.0,2017
12,9,-23.0,2017
2,26,19.0,2017
15,17,2.0,2017
13,8,25.0,2017
1,23,-3.0,2017
16,20,-14.0,2017
11,25,23.0,2017
28,24,14.0,2017
29,23,-1.0,2017
5,11,-12.0,2017
14,21,3.0,2017
12,6,26.0,2017
18,17,-1.0,2017
2,25,30.0,2017
22,0,15.0,2017
7,27,23.0,2017
19,10,-17.0,2017
3,16,10.0,2017
15,4,11.0,2017
24,13,8.0,2017
26,9,-15.0,2017
8,16,14.0,2017
22,11,16.0,2017
20,2,-2.0,2017
13,1,17.0,2017
28,27,-4.0,2017
7,15,6.0,2017
26,3,12.0,2017
6,18,0.0,2017
21,4,-17.0,2017
19,23,18.0,2017
0,10,-10.0,2017
29,5,-3.0,2017
4,18,-1.0,2017
7,9,-14.0,2017
17,6,18.0,2017
12,14,-4.0,2017
8,25,14.0,2017
26,23,22.0,2017
10,28,30.0,2017
24,20,9.0,2017
27,29,-6.0,2017
5,0,3.0,2017
13,14,10.0,2017
17,3,23.0,2017
21,2,-11.0,2017
19,11,12.0,2017
12,15,2.0,2017
23,1,-1.0,2017
9,15,22.0,2017
0,2,2.0,2017
11,18,0.0,2017
24,14,4.0,2017
19,3,10.0,2017
29,6,-9.0,2017
25,20,13.0,2017
7,1,13.0,2017
27,4,10.0,2017
5,16,10.0,2017
26,12,18.0,2017
28,22,-2.0,2017
9,17,29.0,2017
23,15,-6.0,2017
2,13,16.0,2017
8,11,22.0,2017
21,19,18.0,2017
7,20,13.0,2017
27,18,9.0,2017
25,22,6.0,2017
10,5,9.0,2017
29,13,21.0,2017
24,1,1.0,2017
28,15,-5.0,2017
8,0,12.0,2017
26,16,-2.0,2017
2,3,8.0,2017
20,12,14.0,2017
23,21,-11.0,2017
4,11,-13.0,2017
26,4,30.0,2017
10,14,20.0,2017
6,5,-2.0,2017
16,13,13.0,2017
7,21,23.0,2017
23,17,13.0,2017
19,25,30.0,2017
18,12,13.0,2017
9,22,26.0,2017
29,0,24.0,2017
28,1,13.0,2017
8,15,14.0,2017
20,6,18.0,2017
2,27,6.0,2017
11,10,-18.0,2017
9,21,15.0,2017
23,13,-2.0,2017
24,7,22.0,2017
18,0,6.0,2017
12,22,1.0,2017
19,5,2.0,2017
16,14,12.0,2017
28,17,-6.0,2017
29,25,23.0,2017
6,26,-1.0,2017
1,2,-2.0,2017
10,27,-11.0,2017
14,11,2.0,2017
24,21,10.0,2017
20,4,18.0,2017
19,28,10.0,2017
16,8,9.0,2017
3,5,-3.0,2017
18,27,-4.0,2017
17,26,17.0,2017
13,22,-1.0,2017
15,29,-4.0,2017
0,25,30.0,2017
2,9,9.0,2017
23,10,-21.0,2017
25,24,9.0,2017
13,23,-4.0,2017
27,19,28.0,2017
11,8,12.0,2017
4,3,8.0,2017
7,18,30.0,2017
26,20,8.0,2017
5,12,10.0,2017
1,28,16.0,2017
6,17,-19.0,2017
29,15,2.0,2017
14,10,-17.0,2017
0,2,-6.0,2017
3,12,20.0,2017
21,28,-30.0,2017
22,9,-3.0,2017
24,25,17.0,2017
6,16,30.0,2017
17,8,2.0,2017
27,29,14.0,2017
13,7,23.0,2017
15,11,-20.0,2017
1,9,-2.0,2017
23,4,13.0,2017
18,20,12.0,2017
8,5,-23.0,2017
16,29,-6.0,2017
21,11,-3.0,2017
25,7,-11.0,2017
19,12,27.0,2017
22,28,26.0,2017
3,17,21.0,2017
26,0,16.0,2017
14,24,-3.0,2017
6,2,-3.0,2017
13,4,14.0,2017
5,1,15.0,2017
28,4,30.0,2017
15,2,11.0,2017
14,6,4.0,2017
0,12,-8.0,2017
10,7,30.0,2017
25,13,16.0,2017
19,27,13.0,2017
18,26,22.0,2017
3,29,10.0,2017
20,9,22.0,2017
22,24,25.0,2017
23,16,-1.0,2017
17,21,11.0,2017
2,21,20.0,2017
1,24,3.0,2017
9,4,30.0,2017
23,18,-19.0,2017
5,3,6.0,2017
7,14,17.0,2017
11,27,8.0,2017
20,8,4.0,2017
17,15,-7.0,2017
0,19,17.0,2017
6,20,21.0,2017
3,26,-15.0,2017
0,27,-29.0,2017
11,2,-5.0,2017
9,18,20.0,2017
22,21,24.0,2017
28,16,18.0,2017
29,24,2.0,2017
10,19,20.0,2017
25,12,3.0,2017
17,23,16.0,2017
14,1,-5.0,2017
4,15,-2.0,2017
12,13,10.0,2017
2,8,-5.0,2017
22,5,-17.0,2017
19,24,-7.0,2017
10,1,19.0,2017
9,25,1.0,2017
26,6,12.0,2017
11,21,17.0,2017
5,15,16.0,2017
4,23,0.0,2017
25,16,-20.0,2017
28,7,30.0,2017
17,29,2.0,2017
8,23,29.0,2017
6,1,0.0,2017
18,17,-13.0,2017
10,11,26.0,2017
19,15,30.0,2017
21,20,18.0,2017
13,9,1.0,2017
22,29,10.0,2017
26,14,14.0,2017
27,3,18.0,2017
12,28,-14.0,2017
0,5,-2.0,2017
24,16,-7.0,2017
2,22,16.0,2017
7,4,6.0,2017
28,18,11.0,2017
20,17,9.0,2017
15,3,10.0,2017
29,8,23.0,2017
21,9,-16.0,2017
27,11,10.0,2017
14,26,-11.0,2017
4,25,4.0,2017
5,14,10.0,2017
6,12,30.0,2017
7,13,20.0,2017
2,23,10.0,2017
22,8,10.0,2017
1,0,-7.0,2017
24,18,-2.0,2017
16,25,10.0,2017
17,12,11.0,2017
19,21,0.0,2017
13,10,-18.0,2017
15,9,-23.0,2017
20,26,8.0,2017
14,17,8.0,2017
4,5,-17.0,2017
0,1,-15.0,2017
22,23,-9.0,2017
11,19,23.0,2017
6,7,22.0,2017
2,16,16.0,2017
26,8,8.0,2017
3,21,15.0,2017
28,29,30.0,2017
18,9,-5.0,2017
27,23,18.0,2017
24,29,-9.0,2017
20,28,11.0,2017
2,6,12.0,2017
12,17,-1.0,2017
16,8,9.0,2017
3,9,-9.0,2017
18,7,14.0,2017
19,14,16.0,2017
11,4,7.0,2017
5,25,11.0,2017
21,0,9.0,2017
26,15,17.0,2017
1,20,10.0,2017
22,13,2.0,2017
28,10,-6.0,2017
23,29,-5.0,2017
14,27,-4.0,2017
11,5,9.0,2017
8,9,1.0,2017
16,6,12.0,2017
26,2,8.0,2017
3,4,-3.0,2017
18,25,-2.0,2017
21,7,-9.0,2017
16,28,22.0,2017
5,22,12.0,2017
24,10,-2.0,2017
1,15,-7.0,2017
4,19,7.0,2017
3,13,-6.0,2017
12,29,6.0,2017
14,20,4.0,2017
0,21,12.0,2017
23,26,2.0,2017
8,2,-5.0,2017
19,0,9.0,2017
17,6,10.0,2017
25,27,-10.0,2017
11,7,15.0,2017
18,22,12.0,2017
14,15,-20.0,2017
10,18,12.0,2017
20,3,-8.0,2017
12,27,10.0,2017
9,24,12.0,2017
4,2,28.0,2017
17,22,-1.0,2017
5,0,14.0,2017
6,26,11.0,2017
8,7,-14.0,2017
19,13,9.0,2017
1,29,10.0,2017
25,23,12.0,2017
21,12,-6.0,2017
11,20,0.0,2017
10,3,17.0,2017
2,7,11.0,2017
4,28,8.0,2017
29,14,11.0,2017
23,27,-1.0,2017
18,16,12.0,2017
15,24,-2.0,2017
5,13,14.0,2017
1,19,-2.0,2017
0,8,-9.0,2017
17,25,28.0,2017
9,6,20.0,2017
29,12,14.0,2017
2,28,-7.0,2017
27,1,30.0,2017
10,26,20.0,2017
11,8,-1.0,2017
14,0,7.0,2017
16,4,-1.0,2017
21,24,-2.0,2017
22,20,3.0,2017
7,18,11.0,2017
3,15,-1.0,2017
3,24,3.0,2017
19,20,20.0,2017
17,23,3.0,2017
5,28,14.0,2017
26,6,7.0,2017
10,16,9.0,2017
15,12,10.0,2017
14,2,-4.0,2017
27,25,20.0,2017
8,21,9.0,2017
1,11,-7.0,2017
29,5,-2.0,2017
26,12,23.0,2017
0,15,11.0,2017
3,19,23.0,2017
17,24,6.0,2017
4,22,7.0,2017
10,28,26.0,2017
20,7,6.0,2017
6,23,-1.0,2017
13,9,3.0,2017
11,2,4.0,2017
29,18,15.0,2017
22,25,-1.0,2017
16,5,8.0,2017
10,13,-1.0,2017
20,28,30.0,2017
7,17,-3.0,2017
0,11,-5.0,2017
4,21,23.0,2017
2,15,4.0,2017
9,14,18.0,2017
1,25,0.0,2017
24,26,3.0,2017
3,27,-13.0,2017
12,23,18.0,2017
6,8,22.0,2017
19,2,14.0,2017
23,14,7.0,2017
5,4,8.0,2017
22,27,0.0,2017
28,26,16.0,2017
20,0,8.0,2017
1,29,30.0,2017
8,19,8.0,2017
21,18,-9.0,2017
15,6,17.0,2017
9,13,12.0,2017
10,12,-5.0,2017
16,3,10.0,2017
24,7,-12.0,2017
29,21,30.0,2017
13,24,2.0,2017
9,7,-10.0,2017
2,4,30.0,2017
27,22,21.0,2017
15,18,-10.0,2017
11,1,9.0,2017
14,12,8.0,2017
0,6,10.0,2017
3,16,10.0,2017
28,20,-9.0,2017
25,26,-4.0,2017
23,17,-4.0,2017
9,5,12.0,2017
20,10,10.0,2017
13,17,-12.0,2017
2,29,-3.0,2017
19,22,-2.0,2017
26,1,17.0,2017
6,27,10.0,2017
23,14,7.0,2017
16,4,-4.0,2017
7,28,29.0,2017
15,21,23.0,2017
12,25,30.0,2017
8,11,29.0,2017
0,29,19.0,2017
11,6,1.0,2017
20,27,22.0,2017
9,28,30.0,2017
4,19,10.0,2017
25,5,19.0,2017
18,1,20.0,2017
13,14,-5.0,2017
3,2,-6.0,2017
17,7,8.0,2017
26,19,17.0,2017
24,22,9.0,2017
2,10,6.0,2017
16,17,11.0,2017
21,8,18.0,2017
4,11,17.0,2017
27,0,18.0,2017
9,3,-6.0,2017
15,1,-19.0,2017
20,16,3.0,2017
18,6,-3.0,2017
29,10,23.0,2017
13,12,-10.0,2017
25,23,-5.0,2017
7,22,0.0,2017
18,19,3.0,2017
21,15,-1.0,2017
28,5,8.0,2017
0,24,20.0,2017
9,14,18.0,2017
8,26,19.0,2017
23,22,-8.0,2017
20,6,2.0,2017
25,14,-13.0,2017
12,3,13.0,2017
11,17,-12.0,2017
29,4,9.0,2017
2,1,8.0,2017
10,13,11.0,2017
17,13,23.0,2017
4,24,1.0,2017
27,16,9.0,2017
1,21,8.0,2017
19,26,-4.0,2017
25,3,-15.0,2017
12,14,13.0,2017
23,0,6.0,2017
5,24,22.0,2017
2,5,19.0,2017
1,17,6.0,2017
6,9,2.0,2017
4,27,-4.0,2017
28,18,-5.0,2017
29,19,23.0,2017
7,23,28.0,2017
22,26,11.0,2017
21,10,-13.0,2017
13,20,-30.0,2017
16,11,26.0,2017
15,8,12.0,2017
12,20,-5.0,2017
10,9,-5.0,2017
22,8,30.0,2017
6,4,2.0,2017
16,27,-14.0,2017
24,0,26.0,2017
13,3,-9.0,2017
15,19,9.0,2017
14,29,3.0,2017
7,28,13.0,2017
2,17,12.0,2017
26,23,19.0,2017
1,2,3.0,2017
29,16,-2.0,2017
8,10,12.0,2017
12,9,-11.0,2017
11,4,30.0,2017
21,5,1.0,2017
25,7,13.0,2017
17,18,23.0,2017
6,19,1.0,2017
13,0,24.0,2017
24,26,6.0,2017
15,28,6.0,2017
23,20,19.0,2017
1,27,4.0,2017
4,10,-4.0,2017
25,26,-2.0,2017
11,16,18.0,2017
18,8,8.0,2017
17,5,30.0,2017
9,7,15.0,2017
12,0,6.0,2017
6,21,20.0,2017
27,15,4.0,2017
13,25,18.0,2017
20,24,-6.0,2017
7,0,-8.0,2017
16,21,12.0,2017
1,8,-29.0,2017
14,18,8.0,2017
9,12,-14.0,2017
19,4,2.0,2017
29,28,2.0,2017
11,15,-3.0,2017
17,20,21.0,2017
10,24,14.0,2017
3,6,1.0,2017
13,26,17.0,2017
22,2,-6.0,2017
25,12,-1.0,2017
27,5,30.0,2017
16,9,-9.0,2017
17,19,15.0,2017
0,1,0.0,2017
18,24,11.0,2017
11,5,7.0,2017
3,28,16.0,2017
29,21,11.0,2017
7,14,14.0,2017
23,10,-12.0,2017
27,9,3.0,2017
4,8,7.0,2017
3,20,-5.0,2017
12,25,26.0,2017
29,1,11.0,2017
6,13,-1.0,2017
26,7,30.0,2017
15,16,23.0,2017
17,24,22.0,2017
23,11,-18.0,2017
19,18,0.0,2017
0,26,8.0,2017
20,25,12.0,2017
12,10,16.0,2017
22,27,11.0,2017
28,11,-10.0,2017
29,16,-4.0,2017
8,3,-6.0,2017
5,9,-5.0,2017
1,19,-10.0,2017
14,13,14.0,2017
4,15,13.0,2017
2,18,2.0,2017
24,23,12.0,2017
21,17,11.0,2017
7,6,8.0,2017
12,7,10.0,2017
14,19,11.0,2017
1,26,0.0,2017
4,9,-2.0,2017
27,8,10.0,2017
25,28,-10.0,2017
3,29,29.0,2017
0,18,6.0,2017
20,13,29.0,2017
16,15,0.0,2017
24,11,19.0,2017
5,21,6.0,2017
2,22,-4.0,2017
10,17,23.0,2017
1,15,11.0,2017
14,25,23.0,2017
8,29,-5.0,2017
28,19,3.0,2017
7,23,-3.0,2017
13,11,18.0,2017
27,26,8.0,2017
22,16,27.0,2017
18,14,12.0,2017
5,20,-19.0,2017
17,27,11.0,2017
3,15,4.0,2017
10,9,13.0,2017
24,6,14.0,2017
0,4,-11.0,2017
28,12,17.0,2017
13,19,25.0,2017
8,1,4.0,2017
26,11,-3.0,2017
2,21,-3.0,2017
18,4,9.0,2017
16,23,9.0,2017
6,29,28.0,2017
7,24,8.0,2017
14,22,9.0,2017
10,15,14.0,2017
0,28,19.0,2017
3,25,10.0,2017
12,17,-3.0,2017
20,1,6.0,2017
9,19,16.0,2017
13,2,6.0,2017
26,5,17.0,2017
21,25,-1.0,2017
14,26,-18.0,2017
11,23,20.0,2017
24,17,14.0,2017
6,10,-2.0,2017
22,4,19.0,2017
12,2,-6.0,2017
3,18,0.0,2017
0,27,-10.0,2017
8,28,2.0,2017
15,25,4.0,2017
9,17,18.0,2017
20,29,14.0,2017
7,19,17.0,2017
14,12,-4.0,2017
23,19,-17.0,2017
26,22,-14.0,2017
5,11,12.0,2017
18,10,7.0,2017
4,13,0.0,2017
16,1,30.0,2017
27,28,1.0,2017
6,24,-9.0,2017
3,0,16.0,2017
11,21,7.0,2017
7,6,7.0,2017
8,20,-8.0,2017
0,29,-20.0,2017
9,2,9.0,2017
17,1,19.0,2017
15,3,9.0,2017
20,22,15.0,2017
27,13,17.0,2017
10,23,16.0,2017
26,25,20.0,2017
4,16,-9.0,2017
5,8,22.0,2017
18,12,-4.0,2017
6,15,-2.0,2017
14,23,16.0,2017
0,17,10.0,2017
7,2,4.0,2017
16,22,17.0,2017
11,3,14.0,2017
10,21,12.0,2017
28,9,30.0,2017
8,5,16.0,2017
19,1,21.0,2017
12,24,-3.0,2017
26,7,7.0,2017
18,25,-6.0,2017
27,17,10.0,2017
29,20,11.0,2017
23,6,19.0,2017
2,19,30.0,2017
0,3,-8.0,2017
11,14,9.0,2017
21,13,27.0,2017
5,15,7.0,2017
24,4,21.0,2017
1,22,13.0,2017
7,20,8.0,2017
26,10,-6.0,2017
29,27,8.0,2017
8,14,7.0,2017
17,16,24.0,2017
2,0,14.0,2017
1,13,2.0,2017
23,28,-27.0,2017
22,15,11.0,2017
16,19,7.0,2017
3,11,12.0,2017
25,9,-10.0,2017
20,18,-9.0,2017
27,24,30.0,2017
8,15,9.0,2017
11,22,13.0,2017
5,10,-27.0,2017
7,9,12.0,2017
17,18,16.0,2017
25,6,-2.0,2017
21,29,-12.0,2017
26,28,-4.0,2017
12,4,15.0,2017
1,16,-10.0,2017
27,14,20.0,2017
19,0,2.0,2017
20,13,1.0,2017
23,3,0.0,2017
2,24,6.0,2017
8,24,25.0,2017
15,21,3.0,2017
12,6,8.0,2017
7,3,22.0,2017
25,4,11.0,2017
11,29,-4.0,2017
18,28,-19.0,2017
21,5,23.0,2017
27,2,25.0,2017
1,10,-5.0,2017
22,29,18.0,2017
13,23,24.0,2017
19,16,-9.0,2017
9,20,-15.0,2017
0,14,30.0,2017
14,28,1.0,2017
8,1,14.0,2017
5,17,7.0,2017
15,10,-3.0,2017
23,26,-30.0,2017
9,6,23.0,2017
27,19,30.0,2017
21,0,7.0,2017
24,3,11.0,2017
29,2,-1.0,2017
13,20,30.0,2017
10,7,30.0,2017
8,12,-8.0,2017
22,18,23.0,2017
2,11,-1.0,2017
0,5,-11.0,2017
28,3,17.0,2017
4,17,6.0,2017
15,16,11.0,2017
25,24,-13.0,2017
1,18,-5.0,2017
9,26,22.0,2017
23,7,-5.0,2017
6,13,12.0,2017
4,29,-6.0,2017
22,12,19.0,2017
21,16,-2.0,2017
10,6,12.0,2017
17,25,10.0,2017
11,19,13.0,2017
20,14,23.0,2017
2,5,-17.0,2017
3,27,-15.0,2017
0,8,8.0,2017
24,28,-14.0,2017
1,12,-8.0,2017
22,19,21.0,2017
4,21,9.0,2017
9,23,30.0,2017
8,18,-10.0,2017
28,26,7.0,2017
16,0,10.0,2017
27,15,8.0,2017
6,25,0.0,2017
7,26,13.0,2017
17,10,-13.0,2017
20,5,-3.0,2017
24,9,11.0,2017
2,12,-5.0,2017
28,23,15.0,2017
8,0,11.0,2017
10,25,14.0,2017
14,20,-2.0,2017
4,27,-19.0,2017
18,13,27.0,2017
19,29,0.0,2017
22,15,7.0,2017
21,3,3.0,2017
1,11,0.0,2017
17,13,13.0,2017
16,7,-6.0,2017
21,19,-2.0,2017
9,12,12.0,2017
5,29,-2.0,2017
25,20,2.0,2017
3,1,20.0,2017
4,22,4.0,2017
10,17,23.0,2017
23,12,-6.0,2017
29,3,-12.0,2017
8,2,-7.0,2017
28,24,-14.0,2017
7,26,8.0,2017
18,15,6.0,2017
11,0,28.0,2017
27,16,2.0,2017
14,5,-18.0,2017
13,6,27.0,2017
23,24,3.0,2017
19,2,-4.0,2017
9,20,30.0,2017
22,21,16.0,2017
25,13,0.0,2017
17,4,23.0,2017
15,14,30.0,2017
28,6,12.0,2017
3,8,21.0,2017
29,22,20.0,2017
5,26,-11.0,2017
16,18,3.0,2017
7,10,0.0,2017
27,8,30.0,2017
1,4,22.0,2017
2,14,16.0,2017
0,13,-14.0,2017
6,11,11.0,2017
20,21,12.0,2017
19,9,-9.0,2017
25,17,-13.0,2017
18,23,14.0,2017
28,10,-6.0,2017
3,4,20.0,2017
5,1,11.0,2017
16,29,2.0,2017
24,25,22.0,2017
15,22,6.0,2017
7,12,3.0,2017
0,11,10.0,2017
26,18,0.0,2017
21,27,-8.0,2017
2,3,30.0,2017
12,10,-8.0,2017
8,16,28.0,2017
14,23,-3.0,2017
29,9,-3.0,2017
6,20,4.0,2017
5,22,-6.0,2017
24,17,14.0,2017
15,13,-13.0,2017
25,1,10.0,2017
22,3,16.0,2017
14,7,-1.0,2017
0,9,0.0,2017
28,17,13.0,2017
12,19,28.0,2017
29,27,-2.0,2017
23,20,-3.0,2017
4,6,13.0,2017
16,11,-2.0,2017
21,8,14.0,2017
15,8,14.0,2017
5,7,-4.0,2017
21,14,12.0,2017
10,2,8.0,2017
26,13,1.0,2017
24,20,13.0,2017
25,28,-2.0,2017
29,11,2.0,2017
25,19,8.0,2017
16,22,13.0,2017
12,1,8.0,2017
6,18,-12.0,2017
0,23,6.0,2017
27,3,10.0,2017
4,2,-11.0,2017
11,16,8.0,2017
28,21,19.0,2017
15,23,27.0,2017
26,14,7.0,2017
13,24,0.0,2017
5,8,27.0,2017
29,15,9.0,2017
20,10,-5.0,2017
9,1,18.0,2017
27,0,21.0,2017
6,7,16.0,2017
24,19,29.0,2017
3,22,-9.0,2017
12,18,0.0,2017
7,5,0.0,2017
11,28,-15.0,2017
4,14,14.0,2017
8,27,3.0,2017
16,10,-6.0,2017
13,21,6.0,2017
25,18,-8.0,2017
3,1,-9.0,2017
9,26,8.0,2017
15,22,14.0,2017
20,23,30.0,2017
17,2,-3.0,2017
11,0,30.0,2017
18,29,-14.0,2017
24,9,22.0,2017
8,4,21.0,2017
14,28,-12.0,2017
12,5,19.0,2017
7,13,14.0,2017
16,19,13.0,2017
27,10,8.0,2017
25,21,11.0,2017
12,21,13.0,2017
6,14,30.0,2017
3,23,12.0,2017
15,29,30.0,2017
20,26,15.0,2017
19,27,-21.0,2017
2,11,3.0,2017
6,10,-18.0,2017
7,25,30.0,2017
18,28,-12.0,2017
13,5,19.0,2017
1,22,-18.0,2017
17,9,11.0,2017
0,4,-2.0,2017
10,26,21.0,2017
20,25,10.0,2017
24,15,21.0,2017
14,16,-13.0,2017
26,21,30.0,2017
0,20,-7.0,2017
18,3,9.0,2017
19,6,-8.0,2017
29,17,0.0,2017
4,12,-1.0,2017
23,5,-17.0,2017
28,8,30.0,2017
22,11,2.0,2017
13,7,14.0,2017
1,27,-9.0,2017
2,29,4.0,2017
25,15,9.0,2017
9,13,16.0,2017
21,16,14.0,2017
0,3,-7.0,2017
26,18,10.0,2017
28,23,30.0,2017
7,8,12.0,2017
11,27,-2.0,2017
24,5,13.0,2017
10,12,10.0,2017
19,22,-3.0,2017
14,4,4.0,2017
13,15,4.0,2017
21,2,-4.0,2017
27,6,12.0,2017
22,1,9.0,2017
9,25,0.0,2017
20,12,13.0,2017
18,10,-1.0,2017
1,6,13.0,2017
23,9,-10.0,2017
16,0,10.0,2017
26,17,21.0,2017
19,3,28.0,2017
28,25,11.0,2017
24,8,18.0,2017
14,7,12.0,2017
4,5,0.0,2017
29,11,12.0,2017
18,2,24.0,2017
27,20,-2.0,2017
17,10,-4.0,2017
12,24,-8.0,2017
1,14,8.0,2017
15,7,13.0,2017
26,9,19.0,2017
22,3,19.0,2017
25,8,-11.0,2017
19,4,23.0,2017
5,16,12.0,2017
11,13,15.0,2017
17,12,19.0,2017
23,8,-22.0,2017
21,27,-2.0,2017
18,6,15.0,2017
28,0,0.0,2017
24,10,1.0,2017
2,20,6.0,2017
22,14,19.0,2017
18,11,9.0,2017
5,27,8.0,2017
4,7,-28.0,2017
16,12,-2.0,2017
15,19,26.0,2017
1,3,-1.0,2017
26,29,13.0,2017
3,14,30.0,2017
10,8,9.0,2017
25,0,20.0,2017
6,28,-2.0,2017
18,13,8.0,2017
21,22,-15.0,2017
20,15,11.0,2017
24,2,0.0,2017
11,12,10.0,2017
29,7,-3.0,2017
19,17,1.0,2017
9,0,17.0,2017
27,1,9.0,2017
4,16,-8.0,2017
26,28,9.0,2017
5,23,30.0,2017
14,13,-2.0,2017
8,4,27.0,2017
6,3,1.0,2017
22,17,17.0,2017
21,23,11.0,2017
10,18,28.0,2017
27,12,-6.0,2017
29,19,1.0,2017
9,28,-14.0,2017
20,24,2.0,2017
25,2,-6.0,2017
10,0,24.0,2017
11,15,11.0,2017
1,5,-2.0,2017
16,26,8.0,2017
8,13,11.0,2017
23,2,-3.0,2017
17,14,-3.0,2017
22,7,24.0,2017
3,19,14.0,2017
25,6,-1.0,2017
18,24,1.0,2017
15,5,24.0,2017
27,7,9.0,2017
29,26,15.0,2017
12,16,12.0,2017
9,11,-6.0,2017
10,4,30.0,2017
23,12,-7.0,2017
22,19,22.0,2017
21,1,-2.0,2017
13,6,15.0,2017
3,5,-8.0,2017
14,24,10.0,2017
28,2,2.0,2017
17,0,17.0,2017
26,20,9.0,2017
9,16,-4.0,2017
25,11,2.0,2017
8,29,16.0,2017
15,4,16.0,2017
21,4,-3.0,2017
5,18,10.0,2017
28,14,15.0,2017
10,23,6.0,2017
13,16,3.0,2017
0,22,-5.0,2017
20,7,4.0,2017
6,17,4.0,2017
24,12,14.0,2017
29,3,19.0,2017
25,9,-11.0,2017
15,1,4.0,2017
19,8,-1.0,2017
2,27,16.0,2017
0,21,11.0,2017
7,16,8.0,2017
3,22,-12.0,2017
24,14,20.0,2017
5,6,16.0,2017
1,8,-7.0,2017
12,11,-2.0,2017
4,29,24.0,2017
18,20,0.0,2017
17,28,-19.0,2017
13,25,4.0,2017
9,23,15.0,2017
26,10,22.0,2017
22,1,30.0,2017
28,13,12.0,2017
19,21,-19.0,2017
16,2,9.0,2017
10,29,21.0,2017
15,0,8.0,2017
23,25,8.0,2017
5,27,11.0,2017
7,11,8.0,2017
4,3,11.0,2017
12,26,8.0,2017
20,9,1.0,2017
6,24,11.0,2017
27,2,23.0,2017
18,14,30.0,2017
0,15,-24.0,2017
21,6,10.0,2017
8,22,-2.0,2017
13,26,15.0,2017
7,17,9.0,2017
28,12,27.0,2017
5,29,9.0,2017
16,1,-3.0,2017
10,24,7.0,2017
11,9,25.0,2017
29,0,-1.0,2017
27,11,24.0,2017
21,3,-30.0,2017
13,17,-12.0,2017
2,4,12.0,2017
8,6,12.0,2017
14,25,4.0,2017
23,18,-14.0,2017
19,15,29.0,2017
22,5,7.0,2017
19,16,-8.0,2017
26,24,16.0,2017
10,20,-1.0,2017
12,7,-14.0,2017
4,1,-23.0,2017
9,18,-1.0,2017
27,21,16.0,2017
2,0,-1.0,2017
23,9,-12.0,2017
22,6,17.0,2017
14,8,18.0,2017
3,11,-1.0,2017
13,28,-10.0,2017
7,24,11.0,2017
12,18,-8.0,2017
8,27,-5.0,2017
19,5,-9.0,2017
17,14,24.0,2017
15,20,-17.0,2017
16,21,21.0,2017
1,4,14.0,2017
26,25,18.0,2017
6,23,-22.0,2017
11,3,-21.0,2017
13,10,-1.0,2017
0,22,-3.0,2017
29,2,17.0,2017
28,9,30.0,2017
15,27,12.0,2017
18,26,29.0,2017
5,19,-7.0,2017
22,16,30.0,2017
17,7,11.0,2017
25,10,18.0,2017
12,13,-10.0,2017
24,28,14.0,2017
4,8,-27.0,2017
21,29,14.0,2017
20,14,19.0,2017
2,1,18.0,2017
